,brand,processor_brand,processor_name,processor_gnrtn,ram_gb,ram_type,ssd,hdd,os,graphic_card_gb,weight,warranty,Touchscreen,msoffice,Price,rating,Number of Ratings,Number of Reviews
0,ASUS,Intel,Core i3,10th,4,DDR4,0,1024,Windows,0,Casual,No warranty,No,No,34649,2.0,3,0
1,Lenovo,Intel,Core i3,10th,4,DDR4,0,1024,Windows,0,Casual,No warranty,No,No,38999,3.0,65,5
2,Lenovo,Intel,Core i3,10th,4,DDR4,0,1024,Windows,0,Casual,No warranty,No,No,39999,3.0,8,1
3,ASUS,Intel,Core i5,10th,8,DDR4,512,0,Windows,2,Casual,No warranty,No,No,69990,3.0,0,0
4,ASUS,Intel,Celeron Dual,Not Available,4,DDR4,0,512,Windows,0,Casual,No warranty,No,No,26990,3.0,0,0
5,ASUS,Intel,Celeron Dual,Not Available,4,DDR4,0,512,Windows,0,Casual,No warranty,No,No,22990,3.0,0,0
6,ASUS,Intel,Celeron Dual,Not Available,4,DDR4,0,512,Windows,0,Casual,No warranty,No,No,21990,3.0,31,3
7,ASUS,Intel,Core i5,10th,8,DDR4,0,1024,Windows,2,Casual,No warranty,No,No,58799,3.0,0,0
8,Lenovo,Intel,Core i5,10th,4,DDR4,0,1024,Windows,0,Casual,No warranty,No,No,49999,3.0,0,0
10,acer,AMD,Ryzen 5,10th,4,DDR4,0,512,Windows,6,Casual,No warranty,No,No,93700,4.0,259,47
11,acer,AMD,Ryzen 5,10th,4,DDR4,0,512,Windows,4,Casual,No warranty,No,No,72990,4.0,425,67
13,ASUS,Intel,Celeron Dual,Not Available,4,DDR4,0,512,Windows,0,Casual,No warranty,No,No,22990,3.0,0,0
14,ASUS,Intel,Core i3,11th,4,DDR4,256,0,Windows,0,Casual,No warranty,No,No,35990,3.0,0,0
15,HP,Intel,Core i3,11th,8,DDR4,256,0,Windows,0,Casual,1 year,Yes,No,56490,3.0,0,0
16,HP,Intel,Core i5,11th,8,DDR4,256,0,Windows,0,Casual,1 year,No,No,65390,3.0,0,0
17,Lenovo,Intel,Celeron Dual,Not Available,4,DDR4,256,0,Windows,0,ThinNlight,No warranty,No,No,31999,4.0,286,19
18,HP,Intel,Celeron Dual,Not Available,8,DDR4,256,0,Windows,0,ThinNlight,No warranty,No,No,32490,4.0,58,6
19,Lenovo,Intel,Celeron Dual,Not Available,4,DDR4,256,0,Windows,0,ThinNlight,No warranty,No,No,31799,3.0,0,0
20,ASUS,Intel,Celeron Dual,Not Available,4,DDR4,256,0,Windows,0,Casual,No warranty,No,No,29890,4.0,7,0
22,HP,Intel,Core i3,7th,4,DDR4,0,1024,Windows,0,Casual,No warranty,No,No,32955,4.0,311,27
23,HP,Intel,Core i5,7th,4,DDR4,0,1024,Windows,2,Casual,No warranty,No,No,46200,4.0,47,7
24,ASUS,Intel,Core i3,11th,4,DDR4,256,0,Windows,0,ThinNlight,No warranty,No,No,34429,4.0,37,6
26,ASUS,Intel,Core i3,11th,4,DDR4,256,0,Windows,0,Casual,1 year,No,Yes,35990,4.0,1479,181
27,ASUS,Intel,Core i3,10th,8,DDR4,256,0,Windows,0,ThinNlight,No warranty,No,No,33980,4.0,67,3
28,HP,Intel,Core i3,11th,8,DDR4,256,0,Windows,0,ThinNlight,1 year,No,Yes,39990,4.0,273,30
29,DELL,Intel,Core i3,10th,8,DDR4,256,0,Windows,0,ThinNlight,1 year,No,Yes,39490,4.0,1267,171
30,HP,Intel,Core i3,11th,8,DDR4,256,0,Windows,0,Casual,1 year,Yes,Yes,53990,4.0,14,0
31,acer,Intel,Core i3,11th,8,DDR4,256,0,Windows,0,ThinNlight,1 year,No,No,38990,3.0,0,0
32,ASUS,Intel,Core i3,11th,8,DDR4,256,0,Windows,0,ThinNlight,1 year,No,No,37990,4.0,284,39
33,ASUS,Intel,Core i3,11th,8,DDR4,256,0,Windows,0,Casual,1 year,No,Yes,37890,4.0,44,5
34,Lenovo,Intel,Core i3,11th,8,DDR4,256,0,Windows,0,ThinNlight,1 year,No,No,38990,4.0,33,4
35,Lenovo,Intel,Core i3,10th,8,DDR4,256,0,Windows,0,ThinNlight,No warranty,No,No,37990,4.0,286,36
36,DELL,Intel,Core i3,11th,8,DDR4,256,0,Windows,0,ThinNlight,1 year,No,Yes,41990,3.0,10,5
37,ASUS,Intel,Core i3,11th,8,DDR4,256,0,Windows,0,Casual,1 year,No,No,45990,4.0,816,147
38,Lenovo,Intel,Core i3,11th,8,DDR4,256,0,Windows,0,ThinNlight,1 year,No,No,39990,4.0,543,65
39,DELL,Intel,Core i3,11th,8,DDR4,256,0,Windows,0,ThinNlight,No warranty,No,No,42490,4.0,9,1
40,DELL,Intel,Core i3,10th,4,DDR4,256,0,Windows,0,ThinNlight,1 year,No,Yes,36990,4.0,1178,137
41,Lenovo,Intel,Core i3,11th,8,DDR4,256,0,Windows,0,Casual,1 year,Yes,Yes,53990,4.0,299,41
42,ASUS,Intel,Core i3,11th,8,DDR4,256,0,Windows,0,ThinNlight,No warranty,No,No,36990,4.0,20,1
43,Lenovo,Intel,Core i3,10th,4,DDR4,256,0,Windows,0,Casual,2 years,No,No,38940,4.0,758,64
44,DELL,Intel,Core i3,10th,4,DDR4,256,0,Windows,0,Casual,1 year,No,Yes,39490,4.0,634,64
45,ASUS,Intel,Core i3,11th,8,DDR4,256,0,Windows,0,Casual,1 year,No,No,45990,4.0,816,147
46,Lenovo,Intel,Core i3,10th,8,DDR4,256,0,Windows,0,Casual,2 years,No,Yes,39999,5.0,4,0
47,DELL,Intel,Core i3,11th,8,DDR4,256,0,Windows,0,ThinNlight,1 year,No,No,42990,4.0,17,2
48,DELL,Intel,Core i3,11th,8,DDR4,256,0,Windows,0,Casual,1 year,Yes,No,49990,4.0,24,5
49,DELL,Intel,Core i3,11th,8,DDR4,256,0,Windows,0,ThinNlight,1 year,No,Yes,41490,4.0,1753,165
50,DELL,Intel,Core i3,11th,8,DDR4,256,0,Windows,0,ThinNlight,No warranty,No,No,41990,4.0,216,21
51,Lenovo,Intel,Core i3,11th,8,DDR4,256,0,Windows,0,ThinNlight,1 year,No,Yes,41990,4.0,1084,160
52,ASUS,Intel,Core i3,11th,8,DDR4,256,0,Windows,0,Casual,1 year,No,No,38490,3.0,19,3
53,Lenovo,Intel,Core i3,11th,4,DDR4,256,0,Windows,0,ThinNlight,1 year,No,Yes,38990,4.0,106,13
54,Lenovo,Intel,Core i3,11th,4,DDR4,256,0,Windows,0,Casual,1 year,No,Yes,44990,4.0,42,4
55,Lenovo,Intel,Core i3,10th,4,DDR4,256,0,Windows,0,ThinNlight,No warranty,No,No,36490,3.0,0,0
56,Lenovo,Intel,Core i3,10th,8,DDR4,256,0,Windows,0,Casual,No warranty,No,No,38970,3.0,0,0
57,HP,Intel,Core i3,11th,4,DDR4,256,0,Windows,0,ThinNlight,1 year,No,Yes,44900,4.0,1029,107
58,MSI,Intel,Core i3,10th,4,DDR4,256,0,Windows,0,ThinNlight,No warranty,No,No,38990,4.0,53,11
59,DELL,Intel,Core i3,11th,4,DDR4,256,0,Windows,0,ThinNlight,No warranty,No,No,44427,3.0,0,0
60,ASUS,Intel,Core i3,10th,4,DDR4,256,0,Windows,0,Casual,1 year,No,No,35990,3.0,0,0
61,Lenovo,Intel,Core i3,10th,4,DDR4,256,0,Windows,0,Casual,1 year,No,Yes,40200,3.0,48,1
62,Lenovo,Intel,Core i3,10th,4,DDR4,256,0,Windows,0,Casual,No warranty,No,No,40990,3.0,3,0
63,DELL,Intel,Core i3,10th,4,DDR4,256,0,Windows,0,ThinNlight,1 year,No,No,42490,3.0,0,0
64,acer,Intel,Celeron Dual,Not Available,4,DDR4,0,512,Windows,0,Casual,No warranty,No,No,23990,3.0,61,4
65,DELL,Intel,Core i3,11th,4,DDR4,256,0,Windows,0,Casual,No warranty,Yes,No,71999,4.0,97,13
66,ASUS,Intel,Core i3,11th,4,DDR4,256,0,Windows,0,Casual,1 year,No,No,39990,4.0,181,19
67,Lenovo,Intel,Core i3,10th,4,DDR4,256,0,Windows,0,Casual,1 year,No,Yes,41998,4.0,529,39
68,ASUS,Intel,Core i3,11th,4,DDR4,256,0,Windows,0,Casual,No warranty,No,No,41990,3.0,0,0
69,Lenovo,Intel,Core i3,10th,4,DDR4,256,0,Windows,0,Casual,2 years,No,Yes,39999,3.0,0,0
70,ASUS,Intel,Core i3,10th,4,DDR4,256,0,Windows,0,Casual,No warranty,No,No,39990,3.0,0,0
71,Lenovo,Intel,Core i3,11th,4,DDR4,256,0,Windows,0,Casual,No warranty,No,No,39998,4.0,10,1
73,Lenovo,Intel,Core i3,10th,4,DDR4,256,0,Windows,0,Casual,No warranty,No,No,41990,3.0,3,0
74,ASUS,Intel,Core i3,11th,4,DDR4,256,0,Windows,0,Casual,No warranty,No,No,48490,3.0,0,0
75,HP,Intel,Core i3,11th,4,DDR4,256,0,Windows,0,ThinNlight,1 year,No,Yes,44376,4.0,1090,96
76,DELL,Intel,Core i3,11th,4,DDR4,256,0,Windows,0,Casual,No warranty,No,No,43900,3.0,0,0
77,DELL,Intel,Core i3,11th,4,DDR4,256,0,Windows,0,Casual,1 year,No,No,46690,3.0,0,0
78,Lenovo,Intel,Core i3,10th,4,DDR4,256,0,Windows,0,Casual,No warranty,No,No,40990,5.0,1,1
79,DELL,Intel,Core i3,10th,4,DDR4,256,0,Windows,0,ThinNlight,1 year,No,No,39990,4.0,44,2
80,Lenovo,Intel,Core i3,11th,4,DDR4,256,0,Windows,0,ThinNlight,No warranty,No,No,43990,3.0,0,0
81,ASUS,Intel,Core i3,11th,4,DDR4,256,0,Windows,0,ThinNlight,1 year,No,No,36990,4.0,70,9
82,DELL,Intel,Core i3,11th,8,DDR4,256,0,Windows,0,Casual,1 year,No,No,48500,3.0,0,0
83,ASUS,Intel,Core i3,11th,8,DDR4,256,0,Windows,0,Casual,No warranty,No,No,48990,3.0,0,0
84,ASUS,Intel,Celeron Dual,Not Available,4,LPDDR4,0,512,Windows,0,Casual,No warranty,No,No,23490,4.0,632,92
85,HP,Intel,Core i3,8th,4,DDR4,256,0,Windows,0,Casual,1 year,Yes,Yes,54238,4.0,71,8
86,ASUS,Intel,Core i3,10th,8,DDR4,512,0,Windows,0,Casual,1 year,No,No,37990,4.0,990,108
87,HP,Intel,Core i3,11th,8,DDR4,512,0,Windows,0,ThinNlight,1 year,No,Yes,42990,4.0,158,18
88,HP,Intel,Core i3,11th,8,DDR4,512,0,Windows,0,ThinNlight,1 year,No,Yes,42990,4.0,681,59
89,ASUS,Intel,Core i3,10th,4,DDR4,512,0,Windows,0,Casual,1 year,No,No,35990,4.0,130,12
90,ASUS,Intel,Core i3,11th,8,DDR4,512,0,Windows,0,Casual,1 year,No,No,42990,4.0,30,4
91,ASUS,Intel,Core i3,11th,8,LPDDR4X,512,0,Windows,0,Casual,1 year,Yes,Yes,51990,4.0,6,2
92,ASUS,Intel,Core i3,11th,8,DDR4,512,0,Windows,0,Casual,1 year,No,No,48990,4.0,174,30
93,ASUS,Intel,Core i3,11th,8,DDR4,512,0,Windows,0,Casual,1 year,No,No,42990,4.0,40,7
94,Lenovo,Intel,Core i3,10th,8,DDR4,512,0,Windows,0,ThinNlight,1 year,No,No,38990,3.0,13,1
95,DELL,Intel,Core i3,11th,8,DDR4,512,0,Windows,0,ThinNlight,No warranty,No,No,45990,4.0,184,29
96,HP,Intel,Core i3,10th,8,DDR4,512,0,Windows,0,ThinNlight,1 year,No,Yes,42490,4.0,1296,126
97,HP,Intel,Core i3,11th,8,DDR4,512,0,Windows,0,ThinNlight,1 year,No,Yes,43970,4.0,571,56
99,MSI,Intel,Core i3,11th,8,DDR4,512,0,Windows,0,ThinNlight,No warranty,No,No,48990,4.0,17,3
100,HP,Intel,Core i3,11th,8,DDR4,512,0,Windows,0,Casual,1 year,No,Yes,54990,4.0,35,3
101,MSI,Intel,Core i3,10th,8,DDR4,512,0,Windows,0,ThinNlight,No warranty,No,No,40990,4.0,118,17
102,ASUS,Intel,Core i3,11th,8,DDR4,512,0,Windows,0,ThinNlight,1 year,No,Yes,41990,3.0,0,0
103,Lenovo,Intel,Core i3,11th,8,DDR4,512,0,Windows,0,ThinNlight,1 year,Yes,No,54990,4.0,245,34
105,HP,Intel,Core i3,11th,8,DDR4,512,0,Windows,0,Casual,1 year,No,No,41250,4.0,117,11
106,HP,Intel,Core i3,11th,8,DDR4,512,0,Windows,0,ThinNlight,No warranty,No,No,44990,3.0,0,0
107,ASUS,Intel,Core i3,11th,8,DDR4,512,0,Windows,0,Casual,1 year,No,No,42990,4.0,74,11
108,DELL,Intel,Core i3,11th,8,DDR4,512,0,Windows,0,Casual,1 year,Yes,No,60790,4.0,10,1
109,HP,Intel,Core i3,11th,8,DDR4,512,0,Windows,0,Casual,No warranty,No,No,45650,4.0,39,4
110,DELL,Intel,Core i3,10th,8,DDR4,512,0,Windows,0,ThinNlight,1 year,No,Yes,41990,3.0,29,7
111,DELL,Intel,Core i3,10th,8,DDR4,512,0,Windows,0,ThinNlight,1 year,No,No,45490,4.0,43,4
112,ASUS,Intel,Core i3,11th,8,DDR4,512,0,Windows,0,ThinNlight,1 year,No,Yes,44990,3.0,0,0
113,Lenovo,Intel,Core i3,11th,8,DDR4,512,0,Windows,0,ThinNlight,2 years,No,Yes,42990,4.0,984,99
114,HP,Intel,Core i3,11th,4,DDR4,512,0,Windows,0,ThinNlight,1 year,No,Yes,45490,4.0,523,66
115,HP,Intel,Core i3,10th,4,DDR4,512,0,Windows,0,Casual,No warranty,No,No,38799,4.0,30,1
116,HP,Intel,Core i3,11th,4,DDR4,512,0,Windows,0,Casual,1 year,Yes,Yes,69267,3.0,0,0
117,ASUS,Intel,Core i3,11th,4,DDR4,512,0,Windows,0,Casual,1 year,No,Yes,51649,3.0,0,0
121,ASUS,Intel,Core i3,11th,4,DDR4,512,0,Windows,0,Casual,1 year,No,No,44890,3.0,7,0
123,HP,Intel,Core i3,11th,4,DDR4,512,0,Windows,0,ThinNlight,1 year,No,No,50990,3.0,0,0
124,HP,Intel,Core i3,11th,4,DDR4,512,0,Windows,0,ThinNlight,1 year,No,Yes,48900,4.0,1278,135
126,DELL,Intel,Core i3,10th,4,DDR4,512,0,Windows,0,Casual,No warranty,No,No,41790,3.0,0,0
127,Lenovo,Intel,Core i3,11th,4,DDR4,512,0,Windows,0,Casual,1 year,Yes,Yes,57999,3.0,10,2
128,DELL,Intel,Core i3,11th,8,DDR4,512,0,Windows,0,ThinNlight,No warranty,No,No,45930,3.0,0,0
129,HP,Intel,Core i3,11th,8,DDR4,512,0,Windows,0,Casual,1 year,Yes,Yes,55490,4.0,143,15
130,ASUS,Intel,Core i3,10th,8,DDR4,0,1024,Windows,0,Casual,1 year,No,No,32890,3.0,28,4
132,DELL,Intel,Core i3,11th,8,DDR4,0,1024,Windows,0,ThinNlight,No warranty,No,No,42490,4.0,276,40
133,DELL,Intel,Core i3,11th,8,DDR4,0,1024,Windows,0,ThinNlight,No warranty,No,No,42190,3.0,250,21
134,DELL,Intel,Core i3,10th,8,DDR4,0,1024,Windows,0,ThinNlight,1 year,No,Yes,39490,4.0,1917,189
136,ASUS,Intel,Core i3,10th,4,DDR4,0,1024,Windows,0,Casual,1 year,No,No,35990,3.0,17,0
137,DELL,Intel,Core i3,11th,8,DDR4,0,1024,Windows,0,Casual,No warranty,No,No,43800,4.0,17,0
138,Lenovo,Intel,Core i3,10th,8,DDR4,0,1024,Windows,0,Casual,No warranty,No,No,38990,3.0,0,0
140,ASUS,Intel,Core i3,11th,8,DDR4,0,1024,Windows,0,Casual,1 year,No,No,38900,3.0,13,0
141,DELL,Intel,Core i3,10th,4,DDR4,0,1024,Windows,0,ThinNlight,1 year,No,No,39990,3.0,15,1
142,DELL,Intel,Core i3,10th,4,DDR4,0,1024,Windows,0,Casual,No warranty,No,No,40890,4.0,527,46
143,Lenovo,Intel,Core i3,10th,4,DDR4,0,1024,Windows,0,ThinNlight,1 year,No,No,36990,3.0,103,10
144,HP,Intel,Core i3,11th,4,DDR4,0,1024,Windows,0,ThinNlight,1 year,No,Yes,39990,3.0,324,45
145,HP,Intel,Core i3,11th,4,DDR4,0,1024,Windows,0,ThinNlight,1 year,No,Yes,41990,4.0,69,5
146,DELL,Intel,Core i3,11th,4,DDR4,0,1024,Windows,0,Casual,No warranty,No,No,43970,3.0,16,0
147,HP,Intel,Core i3,11th,4,DDR4,0,1024,Windows,0,ThinNlight,1 year,No,No,39790,3.0,40,3
148,ASUS,Intel,Core i3,10th,4,DDR4,0,1024,Windows,0,ThinNlight,No warranty,No,No,35590,3.0,12,1
149,HP,Intel,Core i3,10th,4,DDR4,0,1024,Windows,0,ThinNlight,1 year,No,Yes,36490,3.0,1146,175
151,ASUS,Intel,Core i3,10th,4,DDR4,0,1024,Windows,0,ThinNlight,No warranty,No,No,33990,3.0,43,7
152,DELL,Intel,Core i3,10th,4,DDR4,0,1024,Windows,0,Casual,1 year,No,Yes,43400,4.0,231,26
153,ASUS,Intel,Celeron Dual,Not Available,4,LPDDR4,0,512,Windows,0,Casual,No warranty,No,No,24990,4.0,502,93
154,HP,Intel,Core i3,10th,4,DDR4,0,1024,Windows,0,ThinNlight,1 year,No,Yes,40750,4.0,1096,116
155,DELL,Intel,Core i3,10th,4,DDR4,0,1024,Windows,0,ThinNlight,1 year,No,Yes,43000,4.0,313,35
156,ASUS,Intel,Core i3,10th,4,DDR4,0,1024,Windows,0,Casual,No warranty,No,No,38000,4.0,7,0
157,DELL,Intel,Core i3,11th,8,DDR4,0,1024,Windows,0,ThinNlight,1 year,No,Yes,37990,3.0,265,46
158,HP,Intel,Core i3,7th,8,DDR4,0,1024,Windows,2,Casual,No warranty,No,No,49279,4.0,38,3
159,Lenovo,Intel,Core i3,10th,8,DDR4,0,1024,Windows,0,Casual,No warranty,No,No,38999,3.0,7,2
160,ASUS,Intel,Core i3,11th,8,DDR4,0,1024,Windows,0,Casual,No warranty,No,No,41500,3.0,4,0
161,acer,Intel,Core i3,11th,4,DDR4,0,1024,Windows,0,Casual,No warranty,No,No,36999,3.0,0,0
162,DELL,Intel,Core i3,11th,8,DDR4,0,1024,Windows,0,Casual,No warranty,No,No,42900,3.0,0,0
163,ASUS,Intel,Celeron Dual,Not Available,4,LPDDR4,0,512,Windows,0,Casual,No warranty,No,No,21490,3.0,818,113
164,DELL,Intel,Core i3,11th,8,DDR4,0,1024,Windows,0,Casual,No warranty,No,No,41480,3.0,25,4
165,ASUS,Intel,Core i3,10th,8,DDR4,0,1024,Windows,0,Casual,No warranty,No,No,32990,2.0,12,0
166,ASUS,Intel,Core i3,11th,8,DDR4,0,1024,Windows,0,Casual,1 year,No,No,38680,3.0,17,1
167,ASUS,Intel,Celeron Dual,Not Available,4,LPDDR4,0,512,Windows,0,Casual,No warranty,No,No,23990,4.0,974,170
168,DELL,Intel,Core i3,10th,8,DDR4,0,1024,Windows,0,ThinNlight,No warranty,No,No,40390,3.0,83,15
169,ASUS,Intel,Core i3,10th,4,DDR4,0,1024,Windows,0,ThinNlight,No warranty,No,No,33990,3.0,31,6
170,ASUS,Intel,Celeron Dual,Not Available,4,LPDDR4,0,512,Windows,0,Casual,No warranty,No,No,20490,3.0,637,91
171,DELL,Intel,Core i3,10th,8,DDR4,256,1024,Windows,0,ThinNlight,1 year,No,Yes,41490,5.0,7,5
172,DELL,Intel,Core i3,11th,8,DDR4,256,1024,Windows,0,Casual,No warranty,No,No,45490,4.0,207,16
173,DELL,Intel,Core i3,11th,8,DDR4,256,1024,Windows,0,Casual,No warranty,No,No,44490,4.0,844,103
174,ASUS,Intel,Core i3,11th,8,DDR4,256,1024,Windows,0,Casual,1 year,No,Yes,41890,4.0,53,6
175,DELL,Intel,Core i3,11th,4,DDR4,256,1024,Windows,0,ThinNlight,1 year,No,Yes,42990,4.0,62,7
176,acer,Intel,Core i3,11th,8,DDR4,256,1024,Windows,0,Casual,No warranty,No,No,40990,4.0,38,2
177,DELL,Intel,Core i3,11th,8,DDR4,256,1024,Windows,0,ThinNlight,1 year,No,No,48990,4.0,724,92
178,DELL,Intel,Core i3,11th,4,DDR4,256,1024,Windows,0,ThinNlight,1 year,No,Yes,43590,3.0,0,0
179,DELL,Intel,Core i3,10th,4,DDR4,256,1024,Windows,0,Casual,1 year,No,No,44690,4.0,9,0
180,ASUS,Intel,Core i3,10th,4,DDR4,256,1024,Windows,0,Casual,No warranty,No,No,40990,3.0,0,0
181,DELL,Intel,Core i3,11th,4,DDR4,256,1024,Windows,0,ThinNlight,1 year,No,Yes,43990,3.0,0,0
182,DELL,Intel,Core i3,11th,4,DDR4,256,1024,Windows,0,ThinNlight,1 year,No,Yes,43590,3.0,0,0
183,DELL,Intel,Core i3,10th,4,DDR4,256,1024,Windows,0,ThinNlight,1 year,No,Yes,41390,4.0,56,7
184,DELL,Intel,Core i3,10th,4,DDR4,256,1024,Windows,0,ThinNlight,1 year,No,Yes,44290,3.0,0,0
185,DELL,Intel,Core i3,11th,4,DDR4,256,1024,Windows,0,Casual,1 year,No,No,48999,3.0,0,0
186,DELL,Intel,Core i3,11th,4,DDR4,256,1024,Windows,0,ThinNlight,1 year,No,Yes,39990,3.0,170,11
187,DELL,Intel,Core i3,10th,8,DDR4,256,1024,Windows,0,ThinNlight,No warranty,No,No,46390,2.0,95,5
188,ASUS,Intel,Celeron Dual,Not Available,4,LPDDR4,0,512,Windows,0,Casual,No warranty,No,No,18990,3.0,197,25
189,ASUS,Intel,Celeron Dual,Not Available,4,LPDDR4,0,512,Windows,0,Casual,No warranty,No,No,17990,3.0,1180,148
190,HP,Intel,Celeron Dual,Not Available,4,DDR4,0,512,Windows,0,Casual,No warranty,No,No,26470,3.0,232,23
191,HP,Intel,Celeron Dual,Not Available,4,DDR4,0,512,Windows,0,Casual,No warranty,No,No,27990,3.0,596,65
192,Lenovo,Intel,Celeron Dual,Not Available,4,DDR4,0,1024,Windows,0,Casual,No warranty,No,No,29999,3.0,19,1
193,Lenovo,Intel,Celeron Dual,Not Available,4,LPDDR4X,0,512,Windows,0,Casual,No warranty,No,No,25990,3.0,84,16
194,Lenovo,Intel,Celeron Dual,Not Available,4,LPDDR4,0,512,Windows,0,Casual,No warranty,No,No,16990,3.0,414,54
195,Lenovo,Intel,Celeron Dual,Not Available,4,LPDDR4,0,512,Windows,0,Casual,No warranty,No,No,24990,2.0,70,16
197,acer,Intel,Core i5,Not Available,8,LPDDR4,0,512,Windows,0,Casual,1 year,No,No,119990,4.0,1,1
198,acer,Intel,Core i5,10th,8,LPDDR4,0,512,DOS,0,Casual,No warranty,No,No,94190,4.0,31,6
201,DELL,Intel,Core i5,10th,8,LPDDR4,0,512,DOS,0,ThinNlight,1 year,No,No,139990,3.0,0,0
202,HP,Intel,Core i5,10th,8,LPDDR4,0,512,DOS,0,ThinNlight,No warranty,No,No,55990,4.0,818,109
203,HP,Intel,Core i5,10th,8,LPDDR4,0,512,DOS,4,Casual,No warranty,No,No,102551,3.0,0,0
205,HP,Intel,Core i5,8th,8,DDR4,128,0,Windows,0,ThinNlight,1 year,No,No,76012,4.0,129,16
206,Lenovo,Intel,Core i5,11th,8,DDR4,256,0,Windows,0,Casual,2 years,No,Yes,49490,4.0,365,35
207,acer,Intel,Core i5,7th,8,DDR3,256,0,Windows,0,ThinNlight,1 year,No,Yes,86867,4.0,39,3
208,ASUS,Intel,Core i5,11th,8,DDR4,256,0,Windows,0,ThinNlight,1 year,No,No,48990,3.0,0,0
209,DELL,Intel,Core i5,11th,8,DDR4,256,0,Windows,0,ThinNlight,No warranty,No,No,55990,3.0,3,0
210,acer,Intel,Core i5,8th,8,DDR3,256,0,Windows,0,ThinNlight,1 year,Yes,Yes,81998,4.0,14,3
211,HP,Intel,Core i5,8th,8,DDR4,256,0,Windows,0,Casual,1 year,Yes,Yes,136590,3.0,0,0
212,acer,Intel,Core i5,8th,8,DDR4,256,0,Windows,0,ThinNlight,1 year,No,No,59490,3.0,33,7
213,ASUS,Intel,Core i5,11th,8,DDR4,256,0,Windows,0,ThinNlight,1 year,No,No,49800,3.0,0,0
214,Lenovo,Intel,Core i5,11th,8,DDR4,256,0,Windows,0,Casual,1 year,No,Yes,61999,2.0,4,0
215,HP,Intel,Core i5,11th,8,DDR4,512,0,Windows,0,ThinNlight,No warranty,No,No,54990,4.0,116,15
216,HP,Intel,Core i5,11th,8,DDR4,512,0,Windows,0,ThinNlight,1 year,No,No,53990,4.0,206,17
217,Lenovo,Intel,Core i5,11th,8,DDR4,512,0,Windows,0,Casual,2 years,No,Yes,52990,4.0,300,24
218,HP,Intel,Core i5,11th,16,DDR4,512,0,Windows,0,ThinNlight,1 year,No,Yes,67990,4.0,108,6
220,Lenovo,Intel,Core i5,11th,16,DDR4,512,0,Windows,0,ThinNlight,1 year,No,Yes,62300,4.0,825,95
221,Lenovo,Intel,Core i5,11th,8,DDR4,512,0,Windows,0,ThinNlight,1 year,No,No,52990,3.0,0,0
222,Lenovo,Intel,Core i5,11th,8,DDR4,512,0,Windows,0,ThinNlight,2 years,No,Yes,51990,4.0,85,4
223,Lenovo,Intel,Core i5,11th,16,DDR4,512,0,Windows,0,ThinNlight,No warranty,No,No,61990,4.0,56,7
224,ASUS,Intel,Core i5,11th,8,LPDDR4X,512,0,Windows,0,Casual,1 year,Yes,Yes,63990,4.0,10,1
225,Lenovo,Intel,Core i5,11th,8,DDR4,512,0,Windows,0,Casual,1 year,No,Yes,65990,4.0,17,4
226,acer,Intel,Core i5,11th,8,DDR4,512,0,Windows,0,ThinNlight,1 year,No,No,52990,4.0,155,20
227,Lenovo,Intel,Core i5,10th,8,DDR4,512,0,Windows,0,ThinNlight,1 year,No,No,49990,3.0,0,0
228,ASUS,Intel,Core i5,11th,8,DDR4,512,0,Windows,4,Gaming,No warranty,No,No,71990,4.0,91,17
229,ASUS,Intel,Core i5,10th,8,DDR4,512,0,Windows,0,Casual,1 year,No,No,47990,4.0,35,2
230,Lenovo,Intel,Core i5,10th,8,DDR4,512,0,Windows,0,ThinNlight,2 years,No,Yes,48490,4.0,126,13
231,ASUS,Intel,Core i5,11th,8,DDR4,512,0,Windows,4,Gaming,No warranty,No,No,72990,4.0,74,10
232,MSI,Intel,Core i5,11th,16,DDR4,512,0,Windows,4,Casual,2 years,No,No,76990,4.0,75,17
233,ASUS,Intel,Core i5,11th,16,DDR4,512,0,Windows,6,Gaming,1 year,No,Yes,89990,4.0,124,17
236,DELL,Intel,Core i5,11th,8,DDR4,512,0,Windows,0,Casual,No warranty,Yes,No,71990,4.0,7,1
237,DELL,Intel,Core i5,11th,8,DDR4,512,0,Windows,0,Casual,No warranty,Yes,No,71890,4.0,3,0
238,Lenovo,Intel,Core i5,11th,16,DDR4,512,0,Windows,0,ThinNlight,No warranty,No,No,64990,3.0,0,0
239,ASUS,Intel,Core i5,11th,16,DDR4,512,0,Windows,0,Casual,1 year,No,No,65990,3.0,0,0
240,HP,Intel,Core i5,11th,8,DDR4,512,0,Windows,0,ThinNlight,No warranty,No,No,55999,4.0,5,1
241,ASUS,Intel,Core i5,11th,16,DDR4,512,0,Windows,4,Casual,1 year,No,No,73490,4.0,213,45
242,HP,Intel,Core i5,11th,16,DDR4,512,0,Windows,0,ThinNlight,1 year,No,Yes,74490,4.0,10,0
243,HP,Intel,Core i5,11th,8,DDR4,512,0,Windows,0,ThinNlight,1 year,No,Yes,58340,4.0,69,6
244,acer,Intel,Core i5,11th,8,DDR4,512,0,Windows,0,ThinNlight,1 year,No,No,55999,4.0,6,0
245,DELL,Intel,Core i5,11th,16,DDR4,512,0,Windows,0,ThinNlight,No warranty,No,No,67990,4.0,93,9
246,ASUS,Intel,Core i5,11th,16,DDR4,512,0,Windows,0,Casual,1 year,No,No,59990,4.0,11,2
247,ASUS,Intel,Core i5,11th,16,DDR4,512,0,Windows,6,Casual,1 year,No,Yes,82990,4.0,262,31
248,DELL,Intel,Core i5,11th,8,DDR4,512,0,Windows,2,Casual,1 year,No,Yes,64190,3.0,0,0
249,DELL,Intel,Core i5,11th,16,DDR4,512,0,Windows,0,ThinNlight,No warranty,No,No,70090,4.0,5,1
250,ASUS,Intel,Core i5,10th,8,DDR4,512,0,Windows,2,ThinNlight,1 year,No,No,49990,4.0,45,3
251,MSI,Intel,Core i5,11th,8,DDR4,512,0,Windows,0,ThinNlight,No warranty,No,No,55490,3.0,8,1
252,HP,Intel,Core i5,11th,8,LPDDR4X,512,0,Windows,0,Casual,No warranty,Yes,No,97990,5.0,3,1
254,Lenovo,Intel,Core i5,11th,8,DDR4,512,0,Windows,0,ThinNlight,1 year,No,Yes,59990,4.0,37,2
255,Lenovo,Intel,Core i5,11th,8,DDR4,512,0,Windows,0,ThinNlight,1 year,No,Yes,53990,4.0,61,2
256,HP,Intel,Core i5,11th,16,DDR4,512,0,Windows,0,ThinNlight,1 year,No,Yes,66999,4.0,17,1
257,acer,Intel,Core i5,11th,8,LPDDR4X,512,0,Windows,0,ThinNlight,1 year,No,Yes,60990,4.0,17,1
258,ASUS,Intel,Core i5,10th,8,DDR4,512,0,Windows,0,ThinNlight,1 year,No,Yes,47990,4.0,1625,152
259,HP,Intel,Core i5,11th,8,DDR4,512,0,Windows,0,ThinNlight,1 year,No,Yes,59999,4.0,4,1
260,DELL,Intel,Core i5,10th,16,DDR4,512,0,Windows,4,Casual,1 year,No,No,79990,3.0,0,0
261,ASUS,Intel,Core i5,10th,8,DDR4,512,0,Windows,4,Gaming,1 year,No,No,63990,3.0,0,0
262,HP,Intel,Core i5,11th,8,DDR4,512,0,Windows,0,ThinNlight,1 year,No,Yes,63990,4.0,17,1
263,ASUS,Intel,Core i5,11th,16,DDR4,512,0,Windows,0,Casual,1 year,No,No,59990,3.0,0,0
264,Lenovo,Intel,Core i5,11th,8,DDR4,512,0,Windows,0,ThinNlight,1 year,No,No,55990,3.0,0,0
265,ASUS,Intel,Core i5,11th,16,DDR4,512,0,Windows,0,Casual,1 year,No,No,59990,3.0,0,0
266,HP,Intel,Core i5,11th,8,DDR4,512,0,Windows,0,ThinNlight,1 year,No,Yes,63990,4.0,3,0
267,DELL,Intel,Core i5,11th,16,DDR4,512,0,Windows,2,Casual,1 year,No,Yes,69490,3.0,0,0
268,DELL,Intel,Core i5,11th,16,DDR4,512,0,Windows,0,Casual,1 year,Yes,Yes,89390,3.0,0,0
269,ASUS,Intel,Core i5,11th,8,LPDDR4X,512,0,Windows,0,ThinNlight,No warranty,No,No,74990,3.0,0,0
270,Lenovo,Intel,Core i5,11th,8,DDR4,512,0,Windows,0,Casual,3 years,Yes,Yes,64990,4.0,48,12
271,Lenovo,Intel,Core i5,10th,8,DDR4,512,0,Windows,4,Casual,1 year,No,Yes,66490,4.0,282,36
272,DELL,Intel,Core i5,11th,16,DDR4,512,0,Windows,2,Casual,1 year,No,Yes,89702,3.0,0,0
273,Lenovo,Intel,Core i5,11th,16,DDR4,512,0,Windows,2,Casual,1 year,No,Yes,70990,4.0,67,4
274,ASUS,Intel,Core i5,11th,16,DDR4,512,0,Windows,0,Casual,1 year,Yes,Yes,58990,3.0,0,0
275,Lenovo,Intel,Core i5,10th,8,DDR4,512,0,Windows,2,Casual,1 year,No,Yes,57500,3.0,0,0
276,DELL,Intel,Core i5,11th,8,DDR4,512,0,Windows,2,Casual,1 year,Yes,Yes,79990,4.0,23,2
277,MSI,Intel,Core i5,10th,8,DDR4,512,0,Windows,0,Casual,No warranty,No,No,56541,4.0,677,87
278,ASUS,Intel,Core i5,11th,16,DDR4,512,0,Windows,0,ThinNlight,No warranty,No,No,59990,3.0,3,0
279,Lenovo,Intel,Core i5,11th,16,DDR4,512,0,Windows,0,Casual,1 year,No,Yes,64990,4.0,46,4
280,DELL,Intel,Core i5,11th,8,DDR4,512,0,Windows,0,ThinNlight,1 year,No,No,61290,3.0,4,1
281,Lenovo,Intel,Core i5,11th,8,DDR4,512,0,Windows,0,ThinNlight,1 year,No,Yes,54990,4.0,9,1
282,Lenovo,Intel,Core i5,11th,8,DDR4,512,0,Windows,0,Casual,1 year,No,Yes,59990,4.0,26,4
283,ASUS,Intel,Core i5,11th,8,DDR4,512,0,Windows,6,Casual,1 year,No,No,84990,5.0,5,0
284,HP,Intel,Core i5,11th,8,DDR4,512,0,Windows,0,ThinNlight,1 year,No,Yes,72500,4.0,40,3
285,Lenovo,Intel,Core i5,11th,8,DDR4,512,0,Windows,4,Gaming,No warranty,No,No,59990,3.0,44,6
286,Lenovo,Intel,Core i5,11th,8,DDR4,512,0,Windows,0,Casual,1 year,Yes,Yes,87990,4.0,28,6
287,HP,Intel,Core i5,11th,8,DDR4,512,0,Windows,0,ThinNlight,No warranty,No,No,57990,4.0,1541,123
288,DELL,Intel,Core i5,11th,8,DDR4,512,0,Windows,0,ThinNlight,1 year,No,Yes,69490,4.0,72,7
289,Lenovo,Intel,Core i5,11th,8,DDR4,512,0,Windows,0,Casual,3 years,Yes,Yes,68990,4.0,44,8
290,Lenovo,Intel,Core i5,11th,8,DDR4,512,0,Windows,0,Casual,1 year,No,Yes,77990,4.0,17,2
291,ASUS,Intel,Core i5,11th,8,LPDDR4X,512,0,Windows,0,Casual,1 year,Yes,No,105990,4.0,59,11
292,MSI,Intel,Core i5,11th,8,LPDDR4X,512,0,Windows,0,Casual,1 year,No,No,79990,3.0,0,0
293,DELL,Intel,Core i5,11th,8,DDR4,512,0,Windows,0,ThinNlight,1 year,No,Yes,55490,4.0,337,27
294,Lenovo,Intel,Core i5,11th,8,DDR4,512,0,Windows,0,ThinNlight,1 year,No,Yes,69990,4.0,10,2
295,ASUS,Intel,Core i5,11th,8,DDR4,512,0,Windows,0,Casual,1 year,Yes,Yes,84990,4.0,10,2
296,DELL,Intel,Core i5,11th,8,DDR4,512,0,Windows,0,ThinNlight,No warranty,No,No,59990,3.0,31,7
297,DELL,Intel,Core i5,10th,8,LPDDR4X,512,0,Windows,0,ThinNlight,1 year,No,Yes,111890,3.0,0,0
298,DELL,Intel,Core i5,11th,8,DDR4,512,0,Windows,2,Casual,1 year,No,No,65990,4.0,10,0
299,ASUS,Intel,Core i5,11th,8,LPDDR4X,512,0,Windows,0,Casual,1 year,No,Yes,72990,4.0,76,14
300,DELL,Intel,Core i5,11th,8,DDR4,512,0,Windows,0,ThinNlight,1 year,No,Yes,71090,4.0,44,6
301,MSI,Intel,Core i5,11th,8,DDR4,512,0,Windows,4,Casual,2 years,No,No,74990,3.0,0,0
302,ASUS,Intel,Core i5,10th,8,LPDDR3,512,0,Windows,0,Casual,1 year,No,Yes,79990,4.0,11,3
303,MSI,Intel,Core i5,11th,8,DDR4,512,0,Windows,0,Casual,1 year,No,No,55490,4.0,138,16
304,DELL,Intel,Core i5,11th,8,DDR4,512,0,Windows,2,ThinNlight,1 year,No,Yes,66490,4.0,199,17
305,ASUS,Intel,Core i5,11th,8,DDR4,512,0,Windows,0,Casual,1 year,No,Yes,53400,4.0,46,6
306,DELL,Intel,Core i5,11th,8,DDR4,512,0,Windows,0,Casual,1 year,Yes,Yes,74500,4.0,45,5
307,DELL,Intel,Core i5,11th,8,LPDDR4X,512,0,Windows,0,ThinNlight,1 year,No,Yes,114990,3.0,0,0
308,DELL,Intel,Core i5,11th,8,DDR4,512,0,Windows,2,ThinNlight,No warranty,No,No,61990,4.0,35,4
309,APPLE,Intel,Core i5,10th,8,LPDDR4X,512,0,Mac,0,Casual,1 year,No,No,159990,4.0,32,5
310,APPLE,Intel,Core i5,8th,8,DDR3,512,0,Mac,0,Casual,1 year,No,No,172090,4.0,108,13
311,MSI,Intel,Core i5,11th,8,DDR4,512,0,Windows,4,Casual,No warranty,No,No,74990,3.0,0,0
312,MSI,Intel,Core i5,10th,8,DDR4,512,0,Windows,0,Casual,1 year,No,No,56490,4.0,814,112
313,Lenovo,Intel,Core i5,10th,8,DDR4,512,0,Windows,0,ThinNlight,3 years,No,No,147000,3.0,0,0
314,Lenovo,Intel,Core i5,11th,8,DDR4,512,0,Windows,0,ThinNlight,1 year,No,Yes,55990,4.0,75,9
315,HP,Intel,Core i5,11th,8,DDR4,512,0,Windows,4,Gaming,1 year,No,Yes,77990,3.0,0,0
316,HP,Intel,Core i5,10th,8,DDR4,512,0,Windows,4,Casual,1 year,No,Yes,106490,4.0,3,0
317,Lenovo,Intel,Core i5,11th,8,DDR4,512,0,Windows,2,Casual,1 year,No,Yes,70990,4.0,11,3
318,Lenovo,Intel,Core i5,11th,8,DDR4,512,0,Windows,0,Casual,1 year,No,Yes,64990,4.0,125,11
319,acer,Intel,Core i5,11th,8,DDR4,512,0,Windows,0,Casual,1 year,No,No,57990,3.0,0,0
320,ASUS,Intel,Core i5,10th,8,DDR4,512,0,Windows,4,Gaming,1 year,No,No,64990,4.0,4,0
321,MSI,Intel,Core i5,10th,8,DDR4,512,0,Windows,0,Casual,1 year,No,No,54990,4.0,714,147
322,HP,Intel,Core i5,11th,8,LPDDR4X,512,0,Windows,0,Casual,No warranty,Yes,No,111999,3.0,0,0
323,Lenovo,Intel,Core i5,10th,8,LPDDR4X,512,0,Windows,2,Casual,1 year,No,Yes,70798,4.0,21,3
324,Lenovo,Intel,Core i5,9th,8,DDR4,512,0,Windows,4,Casual,No warranty,No,No,59990,3.0,9,1
325,acer,Intel,Core i5,8th,8,DDR4,512,0,Windows,4,Casual,1 year,No,No,99500,3.0,0,0
326,HP,Intel,Core i5,10th,8,DDR4,512,0,Windows,0,ThinNlight,1 year,No,Yes,55990,4.0,30,4
327,ASUS,Intel,Core i5,8th,8,LPDDR3,512,0,Windows,0,ThinNlight,1 year,No,No,72990,4.0,44,4
328,acer,Intel,Core i5,8th,8,DDR3,512,0,Windows,0,ThinNlight,1 year,No,No,64990,3.0,4,1
329,ASUS,Intel,Core i5,11th,8,DDR4,512,0,Windows,0,ThinNlight,No warranty,No,No,57990,3.0,0,0
330,HP,Intel,Core i5,11th,8,DDR4,512,0,Windows,2,Casual,1 year,Yes,Yes,76990,4.0,14,2
331,Lenovo,Intel,Core i5,11th,8,DDR4,512,0,Windows,0,Casual,2 years,No,Yes,62998,4.0,739,71
332,DELL,Intel,Core i5,11th,8,DDR4,512,0,Windows,0,Casual,1 year,Yes,Yes,77990,4.0,31,5
333,HP,Intel,Core i5,10th,8,DDR4,512,0,Windows,0,Casual,1 year,Yes,Yes,114990,4.0,145,19
334,DELL,Intel,Core i5,10th,8,DDR4,512,0,Windows,2,Casual,1 year,No,Yes,65990,3.0,0,0
335,DELL,Intel,Core i5,11th,8,DDR4,512,0,Windows,2,Casual,1 year,No,Yes,88990,3.0,19,2
336,Lenovo,Intel,Core i5,10th,8,DDR4,512,0,Windows,0,Casual,No warranty,No,No,113590,3.0,0,0
337,ASUS,Intel,Core i5,11th,8,LPDDR4X,512,0,Windows,0,Casual,1 year,Yes,Yes,73990,4.0,32,6
338,HP,Intel,Core i5,11th,8,DDR4,512,0,Windows,0,ThinNlight,1 year,No,Yes,61000,4.0,1124,100
339,ASUS,Intel,Core i5,11th,8,LPDDR4X,512,0,Windows,0,Casual,1 year,Yes,No,99990,4.0,35,6
340,Lenovo,Intel,Core i5,11th,8,DDR4,512,0,Windows,0,ThinNlight,1 year,No,Yes,67990,4.0,9,0
341,DELL,Intel,Core i5,11th,8,DDR4,512,0,Windows,0,Casual,1 year,Yes,Yes,70799,4.0,98,6
342,Lenovo,Intel,Core i5,11th,8,DDR4,512,0,Windows,0,ThinNlight,1 year,No,Yes,65990,4.0,31,2
343,ASUS,Intel,Core i5,8th,8,DDR4,512,0,Windows,0,ThinNlight,1 year,No,No,53690,4.0,19,3
344,MSI,Intel,Core i5,11th,8,DDR4,512,0,Windows,0,ThinNlight,1 year,No,No,55990,3.0,0,0
345,ASUS,Intel,Core i5,11th,8,DDR4,512,0,Windows,0,Casual,1 year,No,Yes,53190,4.0,11,0
346,Lenovo,Intel,Core i5,10th,8,DDR4,512,0,Windows,2,Casual,2 years,No,Yes,58999,4.0,45,3
347,DELL,Intel,Core i5,11th,8,DDR4,512,0,Windows,2,ThinNlight,3 years,No,No,71990,3.0,0,0
348,HP,Intel,Core i5,11th,8,DDR4,512,0,Windows,4,Casual,No warranty,No,No,82000,3.0,0,0
349,ASUS,Intel,Core i5,11th,8,LPDDR4X,512,0,Windows,0,ThinNlight,No warranty,No,No,84990,3.0,0,0
350,Lenovo,Intel,Core i5,11th,8,DDR4,512,0,Windows,2,Casual,No warranty,No,No,89998,3.0,0,0
351,ASUS,Intel,Core i5,11th,8,LPDDR4X,512,0,Windows,0,Casual,1 year,Yes,No,99990,3.0,0,0
352,ASUS,Intel,Core i5,11th,8,LPDDR4X,512,0,Windows,0,ThinNlight,No warranty,No,No,84990,3.0,0,0
353,Lenovo,Intel,Core i5,10th,8,DDR4,512,0,Windows,4,Gaming,No warranty,No,No,69899,4.0,474,37
354,DELL,Intel,Core i5,10th,8,DDR4,512,0,Windows,4,Casual,1 year,No,No,79990,3.0,0,0
355,DELL,Intel,Core i5,10th,8,DDR4,512,0,Windows,4,Casual,1 year,No,No,76300,4.0,6,0
356,Lenovo,Intel,Core i5,10th,8,DDR4,512,0,Windows,0,Casual,1 year,No,Yes,55999,3.0,0,0
357,DELL,Intel,Core i5,11th,8,DDR4,512,0,Windows,0,ThinNlight,No warranty,No,No,72900,3.0,24,4
358,DELL,Intel,Core i5,11th,8,DDR4,512,0,Windows,0,Casual,1 year,Yes,Yes,73990,4.0,195,17
359,ASUS,Intel,Core i5,11th,8,LPDDR4,512,0,Windows,0,ThinNlight,No warranty,No,No,84990,3.0,0,0
360,DELL,Intel,Core i5,11th,8,DDR4,512,0,Windows,2,Casual,No warranty,No,No,73519,3.0,0,0
361,HP,Intel,Core i5,10th,8,DDR4,512,0,Windows,0,Casual,1 year,Yes,No,126000,5.0,2,1
362,ASUS,Intel,Core i5,11th,8,DDR4,512,0,Windows,6,Casual,1 year,No,No,88990,3.0,0,0
363,HP,Intel,Core i5,11th,8,DDR4,512,0,Windows,0,ThinNlight,1 year,Yes,Yes,114999,3.0,0,0
364,DELL,Intel,Core i5,11th,8,DDR4,512,0,Windows,2,Casual,1 year,Yes,Yes,82990,4.0,21,2
365,acer,Intel,Core i5,11th,8,DDR4,512,0,Windows,0,ThinNlight,No warranty,Yes,No,109999,3.0,0,0
366,Lenovo,Intel,Core i5,11th,8,DDR4,512,0,Windows,0,ThinNlight,1 year,Yes,Yes,82990,3.0,0,0
367,DELL,Intel,Core i5,11th,8,DDR4,512,0,Windows,2,Casual,1 year,Yes,Yes,79990,4.0,5,0
368,ASUS,Intel,Core i5,11th,8,LPDDR4X,512,0,Windows,0,Casual,1 year,Yes,No,114990,3.0,0,0
369,HP,Intel,Core i5,11th,8,LPDDR4X,512,0,Windows,0,Casual,1 year,Yes,No,129999,3.0,0,0
370,MSI,Intel,Core i5,8th,8,DDR5,512,0,Windows,6,Casual,No warranty,No,No,149990,4.0,10,3
371,DELL,Intel,Core i5,11th,8,DDR4,512,0,Windows,2,Casual,No warranty,No,No,71290,3.0,0,0
372,DELL,Intel,Core i5,10th,8,DDR4,512,0,Windows,0,ThinNlight,1 year,No,Yes,79500,4.0,10,1
373,DELL,Intel,Core i5,10th,8,DDR4,512,0,Windows,2,Casual,1 year,No,Yes,82990,3.0,15,3
374,DELL,Intel,Core i5,11th,8,DDR4,512,0,Windows,2,Casual,1 year,No,Yes,70980,4.0,138,23
375,ASUS,Intel,Core i5,11th,8,LPDDR4X,512,0,Windows,0,Casual,1 year,Yes,No,99990,3.0,0,0
376,HP,Intel,Core i5,11th,8,DDR4,512,0,Windows,0,Casual,No warranty,No,No,94000,3.0,0,0
377,DELL,Intel,Core i5,11th,8,DDR4,512,0,Windows,2,Casual,No warranty,Yes,No,82990,4.0,16,3
378,MSI,Intel,Core i5,11th,8,LPDDR4X,512,0,Windows,0,Casual,1 year,No,No,79990,4.0,11,4
379,ASUS,Intel,Core i5,8th,8,DDR4,512,0,Windows,0,ThinNlight,No warranty,No,No,85990,3.0,0,0
380,ASUS,Intel,Core i5,10th,8,DDR4,512,0,Windows,2,Casual,No warranty,No,No,86990,3.0,0,0
381,ASUS,Intel,Core i5,10th,8,LPDDR3,512,0,Windows,2,Casual,1 year,No,Yes,105990,5.0,4,0
382,ASUS,Intel,Core i5,10th,8,LPDDR3,512,0,Windows,0,Casual,No warranty,No,No,84990,3.0,0,0
383,Lenovo,Intel,Core i5,8th,8,DDR4,512,0,Windows,2,Casual,1 year,No,Yes,59999,4.0,22,3
384,Lenovo,Intel,Core i5,11th,8,DDR4,512,0,Windows,0,Casual,1 year,No,Yes,91999,4.0,16,2
385,DELL,Intel,Core i5,11th,8,DDR4,512,0,Windows,0,Casual,1 year,Yes,Yes,78900,3.0,16,1
386,ASUS,Intel,Core i5,10th,8,LPDDR3,512,0,Windows,0,Casual,No warranty,No,No,132790,3.0,0,0
387,Lenovo,Intel,Core i5,11th,8,DDR4,512,0,Windows,4,Gaming,No warranty,No,No,60990,3.0,14,6
388,Avita,Intel,Core i5,7th,8,DDR4,512,0,Windows,0,ThinNlight,No warranty,No,No,65556,3.0,0,0
389,DELL,Intel,Core i5,11th,16,DDR4,512,0,Windows,0,ThinNlight,No warranty,No,No,70190,3.0,6,3
390,DELL,Intel,Core i5,11th,8,DDR4,512,0,Windows,2,Casual,1 year,Yes,No,79590,3.0,0,0
391,Avita,Intel,Core i5,7th,8,DDR4,512,0,Windows,0,ThinNlight,No warranty,No,No,65556,3.0,0,0
392,ASUS,Intel,Core i5,11th,8,DDR4,512,0,Windows,4,Casual,1 year,No,No,76990,3.0,0,0
393,Avita,Intel,Core i5,7th,8,DDR4,512,0,Windows,0,ThinNlight,No warranty,No,No,65556,3.0,0,0
394,Avita,Intel,Core i5,8th,8,DDR4,512,0,Windows,0,ThinNlight,No warranty,No,No,44990,3.0,17,3
395,ASUS,Intel,Core i5,11th,8,DDR4,512,0,Windows,0,Casual,1 year,Yes,Yes,84990,3.0,17,2
396,Lenovo,Intel,Core i5,10th,8,DDR4,512,0,Windows,2,Casual,1 year,Yes,Yes,86999,4.0,3,0
397,HP,Intel,Core i5,11th,16,DDR4,512,0,Windows,2,Casual,1 year,No,No,78000,4.0,512,85
398,Avita,Intel,Core i5,8th,8,DDR4,512,0,Windows,0,ThinNlight,No warranty,No,No,73063,3.0,17,3
399,Avita,Intel,Core i5,8th,8,DDR4,512,0,Windows,0,ThinNlight,No warranty,No,No,73063,3.0,17,3
400,HP,Intel,Core i5,11th,16,DDR4,512,0,Windows,4,Casual,1 year,No,Yes,100990,3.0,0,0
401,Lenovo,Intel,Core i5,8th,8,DDR4,512,0,Windows,0,ThinNlight,1 year,No,Yes,74990,3.0,3,1
402,ASUS,Intel,Core i5,10th,8,DDR4,512,0,Windows,4,Casual,No warranty,No,No,75990,4.0,1365,137
403,Lenovo,Intel,Core i5,11th,8,DDR4,512,0,Windows,2,Casual,1 year,No,Yes,84086,3.0,8,3
404,ASUS,Intel,Core i5,11th,8,DDR4,1024,0,Windows,4,Gaming,No warranty,No,No,75990,4.0,368,48
405,ASUS,Intel,Core i5,11th,8,DDR4,1024,0,Windows,4,Gaming,1 year,No,Yes,77990,4.0,202,26
406,ASUS,Intel,Core i5,10th,8,DDR4,1024,0,Windows,4,Casual,1 year,No,No,77990,4.0,187,26
407,APPLE,Intel,Core i5,10th,16,LPDDR4X,1024,0,Mac,0,Casual,1 year,No,No,179990,4.0,31,3
408,APPLE,Intel,Core i5,10th,16,LPDDR4X,1024,0,Mac,0,Casual,1 year,No,No,179990,4.0,91,5
409,ASUS,Intel,Core i5,10th,8,DDR4,1024,0,Windows,4,Casual,No warranty,No,No,82990,4.0,844,118
410,ASUS,Intel,Core i5,11th,8,DDR4,1024,0,Windows,4,Casual,1 year,No,No,87990,3.0,0,0
411,ASUS,Intel,Core i5,11th,8,DDR4,1024,0,Windows,4,Casual,No warranty,No,No,84500,4.0,3,0
412,DELL,Intel,Core i5,11th,8,LPDDR4X,1024,0,Windows,0,ThinNlight,No warranty,No,No,74190,4.0,21,3
413,Lenovo,Intel,Core i5,11th,8,DDR4,1024,0,Windows,0,ThinNlight,1 year,No,Yes,64990,3.0,4,0
414,Lenovo,Intel,Core i5,10th,8,DDR4,512,512,Windows,0,ThinNlight,3 years,Yes,No,155411,3.0,0,0
415,Lenovo,Intel,Core i5,10th,8,DDR4,512,512,Windows,0,ThinNlight,3 years,Yes,No,125394,3.0,0,0
416,acer,Intel,Core i5,11th,8,DDR4,0,1024,Windows,0,Casual,No warranty,No,No,49990,3.0,0,0
417,acer,Intel,Core i5,11th,8,DDR4,0,1024,Windows,0,ThinNlight,1 year,No,No,46990,3.0,253,28
418,DELL,Intel,Core i5,11th,8,DDR4,0,1024,Windows,0,ThinNlight,1 year,No,Yes,48990,3.0,470,46
419,acer,Intel,Core i5,8th,8,DDR4,0,1024,Windows,2,Casual,1 year,No,Yes,59999,4.0,118,28
420,ASUS,Intel,Core i5,10th,8,DDR4,0,1024,Windows,0,ThinNlight,1 year,No,No,46990,4.0,1444,179
421,MSI,Intel,Core i5,10th,8,DDR4,0,1024,Windows,4,Casual,2 years,No,No,52990,4.0,1114,137
422,Lenovo,Intel,Core i5,7th,8,DDR4,0,1024,Windows,2,Casual,No warranty,No,No,57999,3.0,0,0
423,Lenovo,Intel,Core i5,4th,8,DDR3,0,1024,Windows,0,Casual,No warranty,No,No,52490,3.0,78,17
424,Lenovo,Intel,Core i5,8th,8,DDR4,0,1024,Windows,4,Casual,1 year,No,No,56990,4.0,21,5
425,acer,Intel,Core i5,8th,8,DDR4,0,1024,Windows,2,ThinNlight,1 year,No,No,61990,4.0,73,21
426,DELL,Intel,Core i5,11th,8,DDR4,0,1024,Windows,0,Casual,No warranty,No,No,58090,3.0,0,0
427,ASUS,Intel,Core i5,10th,8,DDR4,0,1024,Windows,0,Casual,No warranty,No,No,56990,3.0,0,0
428,acer,Intel,Core i5,8th,8,DDR4,0,1024,Windows,0,ThinNlight,1 year,No,No,61597,3.0,0,0
429,ASUS,Intel,Core i5,8th,8,DDR4,0,1024,Windows,0,ThinNlight,No warranty,No,No,81990,3.0,0,0
430,ASUS,Intel,Core i5,10th,8,DDR4,0,1024,Windows,0,Casual,No warranty,No,No,61249,3.0,0,0
431,DELL,Intel,Core i5,11th,8,DDR4,0,1024,Windows,0,Casual,No warranty,No,No,58990,3.0,0,0
432,ASUS,Intel,Core i5,10th,8,DDR4,0,1024,Windows,2,Casual,No warranty,No,No,83990,3.0,0,0
434,MSI,Intel,Core i5,10th,8,LPDDR4,0,512,DOS,6,Casual,No warranty,No,No,145990,4.0,715,106
436,HP,Intel,Core i5,8th,8,DDR4,0,1024,Windows,2,Casual,1 year,No,Yes,64990,4.0,23,4
438,HP,Intel,Core i5,7th,4,DDR4,0,1024,Windows,0,Casual,1 year,No,No,44599,4.0,122,12
439,acer,Intel,Core i5,8th,8,DDR4,0,1024,Windows,2,Casual,1 year,No,No,72964,4.0,18,6
440,HP,Intel,Core i5,10th,8,DDR4,0,1024,Windows,0,Casual,1 year,No,Yes,48790,3.0,11,1
441,acer,Intel,Core i5,10th,8,DDR4,0,1024,Windows,2,Casual,1 year,No,No,56491,3.0,30,6
442,ASUS,Intel,Core i5,11th,8,DDR4,256,1024,Windows,0,Casual,1 year,No,Yes,50990,4.0,1188,127
443,ASUS,Intel,Core i5,10th,8,DDR4,256,1024,Windows,4,Gaming,No warranty,No,No,55990,4.0,23,0
444,acer,Intel,Core i5,11th,8,DDR4,256,1024,Windows,0,Casual,1 year,No,No,57990,4.0,32,1
445,ASUS,Intel,Core i5,11th,8,DDR4,256,1024,Windows,0,Casual,1 year,No,No,52990,3.0,0,0
446,DELL,Intel,Core i5,11th,8,DDR4,256,1024,Windows,0,Casual,1 year,No,No,57990,4.0,47,0
447,acer,Intel,Core i5,11th,8,DDR4,256,1024,Windows,0,ThinNlight,1 year,No,No,56990,4.0,27,2
448,acer,Intel,Core i5,11th,8,DDR4,256,1024,Windows,0,Casual,No warranty,No,No,55490,3.0,8,3
449,DELL,Intel,Core i5,11th,8,DDR4,256,1024,Windows,2,Casual,1 year,No,No,62490,3.0,157,20
450,ASUS,Intel,Core i5,11th,16,DDR4,256,1024,Windows,0,Casual,1 year,No,No,64990,4.0,10,1
451,Lenovo,Intel,Core i5,11th,8,DDR4,256,1024,Windows,2,Casual,1 year,No,Yes,59990,4.0,52,4
452,ASUS,Intel,Core i5,11th,8,DDR4,256,1024,Windows,2,Casual,1 year,No,Yes,60190,4.0,33,4
453,ASUS,Intel,Core i5,9th,8,DDR4,256,1024,Windows,4,Gaming,No warranty,No,No,54490,4.0,343,47
454,Lenovo,Intel,Core i5,9th,8,DDR4,256,1024,Windows,4,Casual,1 year,No,Yes,60990,4.0,131,17
455,DELL,Intel,Core i5,11th,4,DDR4,256,1024,Windows,0,ThinNlight,1 year,No,Yes,55790,4.0,41,4
456,ASUS,Intel,Core i5,11th,16,DDR4,256,1024,Windows,0,Casual,1 year,No,Yes,64990,4.0,328,51
457,ASUS,Intel,Core i5,11th,16,DDR4,256,1024,Windows,0,ThinNlight,No warranty,No,No,58990,4.0,6,1
458,DELL,Intel,Core i5,11th,8,DDR4,256,1024,Windows,0,ThinNlight,1 year,No,Yes,54990,3.0,353,28
459,HP,Intel,Core i5,11th,8,DDR4,256,1024,Windows,4,Gaming,1 year,No,Yes,71990,4.0,127,20
460,DELL,Intel,Core i5,11th,8,DDR4,256,1024,Windows,2,Casual,1 year,No,No,69900,3.0,0,0
461,Lenovo,Intel,Core i5,11th,8,DDR4,256,1024,Windows,2,Casual,1 year,No,Yes,65990,4.0,241,19
462,ASUS,Intel,Core i5,11th,8,DDR4,256,1024,Windows,0,Casual,1 year,No,No,49990,3.0,22,2
463,DELL,Intel,Core i5,11th,8,DDR4,256,1024,Windows,0,ThinNlight,1 year,No,Yes,58990,4.0,8,1
464,Lenovo,Intel,Core i5,10th,8,DDR4,256,1024,Windows,4,Gaming,No warranty,No,No,74590,4.0,898,128
465,ASUS,Intel,Core i5,10th,8,DDR4,256,1024,Windows,2,Casual,No warranty,No,No,58990,5.0,1,1
466,ASUS,Intel,Core i5,11th,8,DDR4,256,1024,Windows,0,Casual,1 year,No,No,64990,3.0,0,0
467,DELL,Intel,Core i5,11th,8,DDR4,256,1024,Windows,2,Casual,No warranty,No,No,66490,3.0,6,1
468,DELL,Intel,Core i5,10th,8,DDR4,256,1024,Windows,4,Casual,No warranty,No,No,77900,4.0,179,34
469,DELL,Intel,Core i5,11th,8,DDR4,256,1024,Windows,2,Casual,No warranty,No,No,67490,3.0,41,5
470,DELL,Intel,Core i5,11th,8,DDR4,256,1024,Windows,0,ThinNlight,1 year,No,Yes,61990,3.0,0,0
471,DELL,Intel,Core i5,11th,8,DDR4,256,1024,Windows,0,Casual,1 year,No,Yes,58990,4.0,114,9
472,Lenovo,Intel,Core i5,10th,8,DDR4,256,1024,Windows,4,Gaming,No warranty,No,No,74999,4.0,268,25
473,ASUS,Intel,Core i5,11th,8,DDR4,256,1024,Windows,0,Casual,1 year,No,Yes,68900,5.0,6,1
474,DELL,Intel,Core i5,11th,8,DDR4,256,1024,Windows,2,Casual,No warranty,No,No,71695,4.0,153,16
475,acer,Intel,Core i5,11th,16,DDR4,256,1024,Windows,0,Casual,No warranty,No,No,62490,3.0,8,0
478,DELL,Intel,Core i7,8th,16,DDR4,256,0,Windows,4,Casual,1 year,No,Yes,87990,4.0,120,21
479,Avita,Intel,Core i7,8th,8,DDR4,256,0,Windows,0,ThinNlight,No warranty,No,No,73990,3.0,0,0
480,Avita,Intel,Core i7,8th,8,DDR4,256,0,Windows,0,ThinNlight,No warranty,No,No,73990,3.0,0,0
481,Avita,Intel,Core i7,8th,8,DDR4,256,0,Windows,0,ThinNlight,No warranty,No,No,73990,3.0,0,0
482,Avita,Intel,Core i7,8th,8,DDR4,256,0,Windows,0,ThinNlight,No warranty,No,No,73990,3.0,0,0
483,Avita,Intel,Core i7,8th,8,DDR4,256,0,Windows,0,ThinNlight,No warranty,No,No,73990,3.0,0,0
484,Avita,Intel,Core i7,8th,8,DDR4,256,0,Windows,0,ThinNlight,No warranty,No,No,73990,3.0,0,0
485,ASUS,Intel,Core i7,10th,16,DDR4,512,0,Windows,0,Casual,1 year,No,No,57990,4.0,76,9
486,ASUS,Intel,Core i7,10th,8,DDR4,512,0,Windows,4,Gaming,No warranty,No,No,61990,4.0,11,2
487,MSI,Intel,Core i7,10th,16,DDR4,512,0,Windows,4,Casual,2 years,No,No,79990,4.0,484,56
488,Lenovo,Intel,Core i7,10th,8,DDR4,512,0,Windows,4,Gaming,1 year,No,Yes,68990,4.0,44,2
489,Lenovo,Intel,Core i7,11th,16,DDR4,512,0,Windows,0,Casual,1 year,Yes,Yes,85990,4.0,77,10
490,Lenovo,Intel,Core i7,11th,16,DDR4,512,0,Windows,4,Casual,1 year,No,Yes,99990,4.0,11,3
491,ASUS,Intel,Core i7,11th,8,DDR4,512,0,Windows,0,Casual,1 year,No,Yes,77990,4.0,21,5
492,Lenovo,Intel,Core i7,11th,8,DDR4,512,0,Windows,4,Gaming,No warranty,No,No,79990,4.0,5,2
493,HP,Intel,Core i7,11th,16,DDR4,512,0,Windows,4,Casual,1 year,No,Yes,93190,5.0,4,0
494,ASUS,Intel,Core i7,11th,16,LPDDR4X,512,0,Windows,0,Casual,1 year,No,Yes,94990,3.0,0,0
495,Lenovo,Intel,Core i7,11th,16,DDR4,512,0,Windows,0,Casual,3 years,Yes,Yes,84990,4.0,13,2
496,MSI,Intel,Core i7,10th,8,DDR4,512,0,Windows,0,ThinNlight,No warranty,No,No,57990,4.0,15,0
497,HP,Intel,Core i7,11th,16,DDR4,512,0,Windows,0,Casual,1 year,Yes,Yes,102990,4.0,11,2
498,DELL,Intel,Core i7,11th,16,DDR4,512,0,Windows,4,Casual,1 year,No,No,99990,3.0,0,0
499,ASUS,Intel,Core i7,11th,16,DDR4,512,0,Windows,4,Gaming,No warranty,No,No,94990,4.0,118,15
500,HP,Intel,Core i7,11th,16,DDR4,512,0,Windows,0,Casual,1 year,Yes,Yes,104000,3.0,0,0
501,MSI,Intel,Core i7,11th,16,DDR4,512,0,Windows,2,Casual,No warranty,No,No,76990,3.0,0,0
502,HP,Intel,Core i7,11th,16,DDR4,512,0,Windows,4,Gaming,1 year,No,Yes,90190,4.0,6,1
503,Lenovo,Intel,Core i7,11th,16,DDR4,512,0,Windows,0,Casual,No warranty,Yes,No,88488,3.0,0,0
504,MSI,Intel,Core i7,10th,16,DDR4,512,0,Windows,4,Casual,1 year,No,No,109990,4.0,138,30
505,MSI,Intel,Core i7,11th,16,DDR4,512,0,Windows,4,Casual,No warranty,No,No,86990,3.0,0,0
506,MSI,Intel,Core i7,11th,16,LPDDR4X,512,0,Windows,0,Casual,1 year,No,No,89990,3.0,0,0
508,ASUS,Intel,Core i7,11th,16,DDR4,512,0,Windows,2,Casual,1 year,No,Yes,78990,4.0,35,4
510,ASUS,Intel,Core i7,8th,16,LPDDR3,512,0,Windows,0,ThinNlight,1 year,No,No,85990,4.0,18,0
511,MSI,Intel,Core i7,11th,16,DDR4,512,0,Windows,4,Casual,2 years,No,No,94990,3.0,0,0
512,HP,Intel,Core i7,11th,16,DDR4,512,0,Windows,4,Gaming,1 year,No,Yes,92000,4.0,8,1
513,HP,Intel,Core i7,10th,16,DDR4,512,0,Windows,0,Casual,1 year,Yes,No,162990,3.0,3,1
514,DELL,Intel,Core i7,11th,16,LPDDR4X,512,0,Windows,0,ThinNlight,1 year,No,Yes,135300,5.0,5,2
515,MSI,Intel,Core i7,11th,16,DDR4,512,0,Windows,0,Casual,No warranty,No,No,64990,4.0,33,5
516,Lenovo,Intel,Core i7,10th,16,DDR4,512,0,Windows,0,ThinNlight,3 years,No,No,174527,3.0,0,0
517,Lenovo,Intel,Core i7,10th,16,DDR4,512,0,Windows,0,ThinNlight,No warranty,No,No,162299,3.0,0,0
518,DELL,Intel,Core i7,10th,16,DDR4,512,0,Windows,0,Casual,1 year,Yes,Yes,109190,3.0,0,0
519,HP,Intel,Core i7,11th,16,DDR4,512,0,Windows,0,Casual,1 year,Yes,Yes,99999,3.0,0,0
520,MSI,Intel,Core i7,10th,16,DDR4,512,0,Windows,2,Casual,1 year,No,No,104990,4.0,85,9
521,ASUS,Intel,Core i7,11th,16,LPDDR4X,512,0,Windows,0,ThinNlight,No warranty,Yes,No,109990,3.0,0,0
522,ASUS,Intel,Core i7,8th,16,DDR3,512,0,Windows,0,ThinNlight,1 year,No,No,99990,4.0,30,7
524,ASUS,Intel,Core i7,11th,16,LPDDR4X,512,0,Windows,0,ThinNlight,No warranty,No,No,94990,3.0,0,0
525,Lenovo,Intel,Core i7,8th,16,DDR4,512,0,Windows,0,ThinNlight,1 year,No,Yes,86000,3.0,0,0
526,Lenovo,Intel,Core i7,10th,16,DDR4,512,0,Windows,2,Casual,No warranty,No,No,162399,3.0,0,0
527,HP,Intel,Core i7,11th,16,DDR4,512,0,Windows,0,Casual,No warranty,No,No,119599,3.0,0,0
529,Lenovo,Intel,Core i7,11th,16,DDR4,512,0,Windows,0,Casual,No warranty,No,No,110999,3.0,0,0
530,DELL,Intel,Core i7,11th,16,DDR4,512,0,Windows,4,Casual,1 year,No,No,99990,3.0,0,0
531,ASUS,Intel,Core i7,8th,8,LPDDR3,512,0,Windows,0,ThinNlight,1 year,No,No,81990,4.0,40,4
533,MSI,Intel,Core i7,10th,16,DDR4,1024,0,Windows,6,Casual,2 years,No,No,84990,4.0,498,64
534,ASUS,Intel,Core i7,11th,16,LPDDR4X,1024,0,Windows,2,Casual,1 year,Yes,Yes,104990,3.0,0,0
535,ASUS,Intel,Core i7,11th,16,LPDDR4X,1024,0,Windows,0,Casual,1 year,Yes,No,134990,3.0,0,0
536,ASUS,Intel,Core i7,11th,16,DDR4,1024,0,Windows,4,Gaming,No warranty,No,No,98990,4.0,445,56
537,HP,Intel,Core i7,10th,16,DDR4,1024,0,Windows,6,Casual,1 year,No,Yes,144690,4.0,17,4
538,ASUS,Intel,Core i7,11th,16,LPDDR4X,1024,0,Windows,0,ThinNlight,No warranty,No,No,99990,3.0,0,0
539,MSI,Intel,Core i7,11th,16,DDR4,1024,0,Windows,6,Casual,2 years,No,No,119990,4.0,20,3
541,ASUS,Intel,Core i7,10th,16,LPDDR3,1024,0,Windows,2,Casual,1 year,No,Yes,124990,4.0,17,1
542,DELL,Intel,Core i7,11th,16,DDR4,1024,0,Windows,2,Casual,No warranty,No,No,122410,3.0,0,0
543,HP,Intel,Core i7,10th,16,DDR4,1024,0,Windows,0,Casual,1 year,Yes,No,179990,4.0,13,5
544,MSI,Intel,Core i7,11th,16,DDR4,1024,0,Windows,4,Casual,2 years,Yes,No,154990,4.0,3,2
545,Lenovo,Intel,Core i7,11th,16,LPDDR4X,1024,0,Windows,0,Casual,1 year,No,Yes,122990,3.0,4,2
548,HP,Intel,Core i7,11th,16,DDR4,1024,0,Windows,4,Casual,No warranty,No,No,121990,3.0,0,0
549,HP,Intel,Core i7,11th,16,DDR4,1024,0,Windows,4,Casual,No warranty,No,No,116990,3.0,0,0
550,Lenovo,Intel,Core i7,11th,16,DDR4,1024,0,Windows,6,Casual,No warranty,No,No,151098,4.0,7,0
552,HP,Intel,Core i7,11th,16,LPDDR4X,1024,0,Windows,0,Casual,1 year,Yes,No,149999,3.0,0,0
553,MSI,Intel,Core i7,12th,16,DDR4,1024,0,Windows,6,Casual,No warranty,No,No,139990,4.0,4,2
554,acer,Intel,Core i7,11th,16,DDR4,1024,0,Windows,6,Casual,1 year,No,No,129990,4.0,54,7
556,DELL,Intel,Core i7,11th,16,DDR4,1024,0,Windows,2,Casual,1 year,No,Yes,93955,4.0,4,0
558,HP,Intel,Core i7,11th,16,LPDDR4X,1024,0,Windows,0,Casual,1 year,Yes,Yes,128500,3.0,3,1
559,Lenovo,Intel,Core i7,11th,16,DDR4,1024,0,Windows,0,Casual,1 year,Yes,Yes,102990,4.0,16,2
560,ASUS,Intel,Core i7,11th,16,LPDDR4X,1024,0,Windows,0,Casual,1 year,Yes,No,119990,4.0,8,1
561,ASUS,Intel,Core i7,11th,16,DDR4,1024,0,Windows,6,Casual,No warranty,No,No,120980,3.0,0,0
562,ASUS,Intel,Core i7,11th,16,DDR4,1024,0,Windows,6,Casual,1 year,No,No,157249,4.0,7,0
564,ASUS,Intel,Core i7,11th,16,DDR4,1024,0,Windows,6,Casual,1 year,No,No,131500,3.0,0,0
565,ASUS,Intel,Core i7,10th,16,LPDDR3,1024,0,Windows,0,Casual,No warranty,No,No,154990,5.0,3,0
566,ASUS,Intel,Core i7,10th,16,LPDDR3,1024,0,Windows,0,Casual,No warranty,No,No,165990,3.0,0,0
567,Lenovo,Intel,Core i7,10th,16,LPDDR4X,1024,0,Windows,0,ThinNlight,No warranty,No,No,119990,2.0,2,1
568,ASUS,Intel,Core i7,10th,16,LPDDR3,1024,0,Windows,0,Casual,No warranty,No,No,167990,3.0,0,0
569,HP,Intel,Core i7,11th,16,LPDDR4X,1024,0,Windows,0,Casual,1 year,Yes,No,165000,3.0,0,0
570,Avita,Intel,Core i7,10th,16,DDR4,1024,0,Windows,0,ThinNlight,No warranty,No,No,62990,3.0,207,49
571,Lenovo,Intel,Core i7,11th,16,LPDDR4,1024,0,Windows,0,Casual,1 year,No,Yes,85990,3.0,7,2
572,HP,Intel,Core i7,11th,16,DDR4,1024,0,Windows,2,Casual,1 year,No,Yes,94990,3.0,0,0
573,HP,Intel,Core i7,11th,16,DDR4,1024,0,Windows,6,Casual,1 year,No,Yes,136990,3.0,0,0
577,ASUS,Intel,Core i7,10th,16,DDR4,0,1024,Windows,2,Casual,No warranty,No,No,93990,3.0,0,0
578,HP,Intel,Core i7,8th,16,DDR4,128,1024,Windows,4,Casual,1 year,No,No,116941,3.0,0,0
579,MSI,Intel,Core i7,10th,8,DDR4,256,1024,Windows,4,Casual,2 years,No,No,63990,4.0,794,83
580,ASUS,Intel,Core i7,10th,16,DDR4,256,1024,Windows,4,Gaming,No warranty,No,No,66990,4.0,25,4
581,ASUS,Intel,Core i7,11th,16,DDR4,256,1024,Windows,0,ThinNlight,No warranty,No,No,82500,3.0,0,0
583,MSI,Intel,Core i7,10th,16,DDR4,256,1024,Windows,4,Casual,3 years,No,No,159990,3.0,0,0
584,ASUS,Intel,Core i7,8th,16,DDR4,256,1024,Windows,0,ThinNlight,No warranty,No,No,98912,3.0,0,0
585,acer,Intel,Core i7,11th,16,DDR4,512,1024,Windows,4,Casual,1 year,No,No,92990,4.0,214,37
586,acer,Intel,Core i7,11th,16,DDR4,512,1024,Windows,6,Casual,1 year,No,No,119990,4.0,342,54
588,acer,Intel,Core i9,11th,16,DDR4,1024,0,Windows,6,Casual,1 year,No,No,139990,3.0,0,0
592,ASUS,Intel,Core i9,11th,16,DDR4,1024,0,Windows,6,Gaming,1 year,No,No,139990,3.0,0,0
595,MSI,Intel,Core i5,10th,8,LPDDR4,0,512,DOS,4,Casual,No warranty,No,No,86990,4.0,218,27
596,MSI,Intel,Core i5,10th,8,LPDDR4,0,512,DOS,6,Casual,No warranty,No,No,109990,4.0,78,16
597,MSI,Intel,Core i5,10th,8,LPDDR4,0,512,DOS,4,Casual,No warranty,No,No,109590,4.0,5,2
598,ASUS,Intel,Core i7,10th,16,LPDDR4X,0,512,DOS,6,Casual,No warranty,No,No,146490,3.0,2,1
600,APPLE,M1,M1,10th,8,DDR4,256,0,Mac,0,Casual,1 year,No,No,112990,4.0,640,70
601,APPLE,M1,M1,10th,16,DDR4,256,0,Mac,0,Casual,1 year,No,No,104990,4.0,45,4
602,APPLE,M1,M1,10th,8,DDR4,256,0,Mac,0,Casual,1 year,No,No,112990,4.0,640,70
603,APPLE,M1,M1,10th,16,DDR4,256,0,Mac,0,Casual,1 year,No,No,132990,4.0,640,70
604,APPLE,M1,M1,10th,16,DDR4,256,0,Mac,0,Casual,1 year,No,No,104990,4.0,45,4
606,APPLE,M1,M1,10th,16,DDR4,512,0,Mac,0,Casual,1 year,No,No,149990,4.0,640,70
607,APPLE,M1,M1,10th,8,DDR4,512,0,Mac,0,Casual,1 year,No,No,125990,4.0,399,45
608,APPLE,M1,M1,10th,8,DDR4,512,0,Mac,0,Casual,1 year,No,No,103990,4.0,809,91
609,APPLE,M1,M1,10th,8,DDR4,512,0,Mac,0,Casual,1 year,No,No,101990,4.0,809,91
611,APPLE,M1,M1,10th,8,DDR4,512,0,Mac,0,Casual,1 year,No,No,131990,4.0,399,45
612,APPLE,M1,M1,10th,16,DDR4,512,0,Mac,0,Casual,1 year,No,No,128990,4.0,45,4
613,APPLE,M1,M1,10th,16,DDR4,512,0,Mac,0,Casual,1 year,No,No,184990,4.0,42,8
615,APPLE,M1,M1,10th,4,DDR4,512,0,Mac,0,Casual,1 year,No,No,124990,4.0,45,4
617,APPLE,M1,M1,10th,8,DDR4,1024,0,Mac,0,Casual,1 year,No,No,149990,4.0,640,70
618,APPLE,M1,M1,10th,16,DDR4,1024,0,Mac,0,Casual,1 year,No,No,169990,4.0,640,70
623,ASUS,Intel,Pentium Quad,Not Available,4,LPDDR4X,0,512,Windows,0,Casual,No warranty,No,No,45990,3.0,0,0
624,ASUS,Intel,Pentium Quad,Not Available,4,DDR4,128,0,Windows,0,Casual,No warranty,Yes,No,58100,3.0,0,0
625,ASUS,Intel,Pentium Quad,Not Available,8,LPDDR4X,256,0,Windows,0,Casual,1 year,Yes,No,62990,3.0,0,0
626,HP,Intel,Pentium Quad,Not Available,8,DDR4,256,0,Windows,0,ThinNlight,1 year,No,Yes,32990,4.0,77,9
627,ASUS,Intel,Pentium Quad,Not Available,4,DDR4,256,0,Windows,0,ThinNlight,1 year,No,Yes,33990,4.0,6,0
628,acer,Intel,Pentium Quad,Not Available,4,DDR4,256,0,Windows,0,Casual,1 year,No,No,30990,4.0,465,89
629,DELL,Intel,Pentium Quad,Not Available,4,DDR4,256,0,Windows,0,ThinNlight,1 year,No,No,36000,4.0,102,16
630,ASUS,Intel,Pentium Quad,Not Available,4,DDR4,256,0,Windows,0,ThinNlight,1 year,No,Yes,32990,4.0,7,1
631,DELL,Intel,Pentium Quad,Not Available,4,DDR4,256,0,Windows,0,Casual,1 year,No,No,35990,3.0,0,0
632,ASUS,Intel,Pentium Quad,Not Available,4,LPDDR4,0,1024,Windows,0,Casual,No warranty,No,No,27990,3.0,0,0
635,ASUS,Intel,Pentium Quad,Not Available,4,DDR4,0,1024,Windows,0,Casual,No warranty,No,No,30780,3.0,0,0
638,DELL,AMD,Ryzen 3,Not Available,8,DDR4,256,0,Windows,0,ThinNlight,No warranty,No,No,39490,4.0,34,4
639,DELL,AMD,Ryzen 3,Not Available,8,DDR4,256,0,Windows,0,ThinNlight,No warranty,No,No,36990,4.0,137,15
640,DELL,AMD,Ryzen 3,Not Available,8,DDR4,256,0,Windows,0,ThinNlight,1 year,No,No,39990,4.0,7,0
641,ASUS,AMD,Ryzen 3,Not Available,4,DDR4,256,0,Windows,0,ThinNlight,1 year,No,No,33690,4.0,170,26
642,DELL,AMD,Ryzen 3,Not Available,8,DDR4,256,0,Windows,0,ThinNlight,No warranty,No,No,40590,3.0,0,0
643,ASUS,AMD,Ryzen 3,Not Available,4,DDR4,256,0,Windows,0,Casual,1 year,No,No,37990,4.0,39,3
645,acer,AMD,Ryzen 3,Not Available,8,DDR4,512,0,Windows,0,Casual,1 year,No,No,36990,4.0,11,2
646,HP,AMD,Ryzen 3,Not Available,8,DDR4,512,0,Windows,0,ThinNlight,No warranty,No,No,43490,4.0,163,33
647,HP,AMD,Ryzen 3,Not Available,8,DDR4,512,0,Windows,0,ThinNlight,1 year,No,Yes,41490,4.0,153,21
648,acer,AMD,Ryzen 3,Not Available,4,DDR4,512,0,Windows,0,Casual,No warranty,No,No,34990,3.0,0,0
649,HP,AMD,Ryzen 3,Not Available,4,DDR4,512,0,Windows,0,ThinNlight,1 year,No,Yes,44490,4.0,267,42
650,DELL,AMD,Ryzen 3,Not Available,4,DDR4,512,0,Windows,0,ThinNlight,No warranty,No,No,40590,3.0,0,0
651,DELL,AMD,Ryzen 3,Not Available,8,DDR4,512,0,Windows,0,ThinNlight,No warranty,No,No,42090,3.0,3,0
652,DELL,AMD,Ryzen 3,Not Available,8,DDR4,0,1024,Windows,0,ThinNlight,1 year,No,Yes,35990,4.0,59,12
654,DELL,AMD,Ryzen 3,Not Available,8,DDR4,0,1024,Windows,0,ThinNlight,No warranty,No,No,37390,4.0,38,5
655,DELL,AMD,Ryzen 3,Not Available,4,DDR4,0,1024,Windows,0,ThinNlight,1 year,No,Yes,52632,3.0,0,0
656,DELL,AMD,Ryzen 3,Not Available,4,DDR4,0,1024,Windows,0,Casual,1 year,No,Yes,39990,4.0,409,39
657,DELL,AMD,Ryzen 3,Not Available,4,DDR4,0,1024,Windows,0,Casual,1 year,No,No,43990,3.0,0,0
658,HP,AMD,Ryzen 3,Not Available,4,DDR4,0,1024,Windows,0,Casual,1 year,No,No,32917,4.0,353,58
659,Lenovo,AMD,Ryzen 3,Not Available,4,DDR4,0,1024,Windows,0,Casual,No warranty,No,No,34990,3.0,38,6
660,DELL,AMD,Ryzen 3,Not Available,8,DDR4,0,1024,Windows,0,ThinNlight,No warranty,No,No,39990,3.0,18,4
662,DELL,AMD,Ryzen 5,Not Available,8,DDR4,256,0,Windows,0,Casual,1 year,No,Yes,41990,4.0,939,107
663,DELL,AMD,Ryzen 5,Not Available,8,DDR4,256,0,Windows,0,ThinNlight,1 year,No,No,44490,4.0,14,1
664,DELL,AMD,Ryzen 5,Not Available,8,DDR4,256,0,Windows,0,Casual,1 year,No,Yes,41990,4.0,649,84
665,DELL,AMD,Ryzen 5,Not Available,8,DDR4,256,0,Windows,0,ThinNlight,1 year,No,Yes,44490,4.0,8,2
666,MSI,AMD,Ryzen 5,Not Available,4,DDR4,256,0,Windows,0,Casual,1 year,No,No,49990,3.0,0,0
667,DELL,AMD,Ryzen 5,Not Available,4,DDR4,256,0,Windows,0,ThinNlight,1 year,No,No,44390,4.0,276,24
669,Lenovo,AMD,Ryzen 5,Not Available,8,DDR4,512,0,Windows,4,Gaming,1 year,No,Yes,56990,4.0,162,15
670,Lenovo,AMD,Ryzen 5,Not Available,8,DDR4,512,0,Windows,0,ThinNlight,1 year,No,No,48990,4.0,219,27
671,HP,AMD,Ryzen 5,Not Available,8,DDR4,512,0,Windows,0,ThinNlight,1 year,No,Yes,49970,4.0,193,28
672,MSI,AMD,Ryzen 5,Not Available,8,DDR4,512,0,Windows,0,Casual,No warranty,No,No,47990,4.0,562,89
673,HP,AMD,Ryzen 5,Not Available,8,DDR4,512,0,Windows,0,ThinNlight,1 year,No,Yes,48990,4.0,45,5
674,acer,AMD,Ryzen 5,Not Available,8,LPDDR4X,512,0,Windows,0,ThinNlight,1 year,No,No,53990,4.0,7,0
675,Lenovo,AMD,Ryzen 5,Not Available,8,DDR4,512,0,Windows,0,Casual,1 year,No,Yes,52990,4.0,39,5
676,acer,AMD,Ryzen 5,Not Available,8,DDR4,512,0,Windows,0,Casual,1 year,No,No,43990,3.0,0,0
677,Lenovo,AMD,Ryzen 5,Not Available,8,DDR4,512,0,Windows,4,Gaming,No warranty,No,No,59490,4.0,92,10
678,MSI,AMD,Ryzen 5,Not Available,8,DDR4,512,0,Windows,4,Casual,No warranty,No,No,64990,4.0,469,80
679,DELL,AMD,Ryzen 5,Not Available,8,DDR4,512,0,Windows,0,ThinNlight,No warranty,No,No,47490,2.0,2,1
680,HP,AMD,Ryzen 5,Not Available,8,DDR4,512,0,Windows,4,Casual,1 year,No,No,59990,4.0,1978,188
681,Lenovo,AMD,Ryzen 5,Not Available,8,DDR4,512,0,Windows,4,Casual,No warranty,No,No,69990,4.0,9,0
682,HP,AMD,Ryzen 5,Not Available,8,DDR4,512,0,Windows,4,Casual,1 year,No,No,58990,4.0,1049,134
683,DELL,AMD,Ryzen 5,Not Available,8,DDR4,512,0,Windows,0,ThinNlight,1 year,No,No,59490,4.0,74,18
684,HP,AMD,Ryzen 5,Not Available,16,DDR4,512,0,Windows,0,ThinNlight,1 year,No,Yes,67500,4.0,196,19
685,HP,AMD,Ryzen 5,Not Available,8,DDR4,512,0,Windows,0,Casual,No warranty,No,No,48990,4.0,17,1
686,ASUS,AMD,Ryzen 5,Not Available,8,DDR4,512,0,Windows,0,Casual,1 year,Yes,Yes,62450,4.0,172,36
687,ASUS,AMD,Ryzen 5,Not Available,8,DDR4,512,0,Windows,0,Casual,1 year,No,No,58990,4.0,324,34
688,HP,AMD,Ryzen 5,Not Available,8,DDR4,512,0,Windows,0,ThinNlight,1 year,No,Yes,57999,4.0,86,15
689,ASUS,AMD,Ryzen 5,Not Available,16,DDR4,512,0,Windows,0,Casual,No warranty,No,No,56990,4.0,4,1
690,HP,AMD,Ryzen 5,Not Available,8,DDR4,512,0,Windows,4,Casual,1 year,No,Yes,72990,4.0,16,4
691,HP,AMD,Ryzen 5,Not Available,16,DDR4,512,0,Windows,0,Casual,1 year,No,Yes,65990,4.0,104,18
692,HP,AMD,Ryzen 5,Not Available,16,DDR4,512,0,Windows,0,Casual,1 year,Yes,Yes,98020,3.0,0,0
693,HP,AMD,Ryzen 5,Not Available,16,DDR4,512,0,Windows,2,Casual,1 year,No,Yes,63990,4.0,90,13
694,ASUS,AMD,Ryzen 5,Not Available,8,DDR4,512,0,Windows,0,ThinNlight,1 year,No,Yes,49890,4.0,6,1
695,DELL,AMD,Ryzen 5,Not Available,8,DDR4,512,0,Windows,0,ThinNlight,1 year,No,Yes,49990,4.0,47,7
696,DELL,AMD,Ryzen 5,Not Available,8,DDR4,512,0,Windows,0,ThinNlight,1 year,No,Yes,59490,3.0,0,0
697,HP,AMD,Ryzen 5,Not Available,8,DDR4,512,0,Windows,0,Casual,1 year,Yes,Yes,73999,4.0,206,27
698,DELL,AMD,Ryzen 5,Not Available,4,DDR4,512,0,Windows,0,ThinNlight,1 year,No,Yes,60990,4.0,183,42
699,DELL,AMD,Ryzen 5,Not Available,4,DDR4,512,0,Windows,6,Casual,No warranty,No,No,76190,4.0,358,64
700,Lenovo,AMD,Ryzen 5,Not Available,4,LPDDR4X,512,0,Windows,0,ThinNlight,3 years,Yes,Yes,74798,3.0,0,0
701,ASUS,AMD,Ryzen 5,Not Available,4,DDR4,512,0,Windows,0,Casual,1 year,No,No,58990,4.0,88,13
702,HP,AMD,Ryzen 5,Not Available,4,DDR4,512,0,Windows,4,Casual,No warranty,No,No,68100,3.0,0,0
703,Lenovo,AMD,Ryzen 5,Not Available,4,DDR4,512,0,Windows,0,ThinNlight,1 year,Yes,Yes,77990,3.0,0,0
704,HP,AMD,Ryzen 5,Not Available,4,DDR4,512,0,Windows,0,ThinNlight,1 year,No,Yes,55090,4.0,364,52
705,ASUS,AMD,Ryzen 5,Not Available,4,LPDDR4X,512,0,Windows,0,Casual,No warranty,Yes,No,91990,3.0,0,0
706,HP,AMD,Ryzen 5,Not Available,4,DDR4,512,0,Windows,0,Casual,1 year,No,Yes,84208,3.0,0,0
707,acer,AMD,Ryzen 5,Not Available,4,DDR4,512,0,Windows,0,Casual,1 year,No,No,44990,4.0,313,39
708,HP,AMD,Ryzen 5,Not Available,4,DDR4,512,0,Windows,0,ThinNlight,1 year,No,Yes,53490,4.0,826,118
709,Lenovo,AMD,Ryzen 5,Not Available,4,DDR4,512,0,Windows,4,Casual,No warranty,No,No,76498,3.0,0,0
710,DELL,AMD,Ryzen 5,Not Available,4,DDR4,512,0,Windows,4,Casual,1 year,No,No,98920,3.0,0,0
712,acer,AMD,Ryzen 5,Not Available,4,DDR4,512,0,Windows,0,Casual,1 year,No,No,49990,4.0,47,6
713,HP,AMD,Ryzen 5,Not Available,4,DDR4,512,0,Windows,0,Casual,No warranty,No,No,52380,3.0,0,0
714,acer,AMD,Ryzen 5,Not Available,4,DDR4,512,0,Windows,0,ThinNlight,1 year,No,No,49990,4.0,6,1
715,HP,AMD,Ryzen 5,Not Available,4,DDR4,512,0,Windows,0,ThinNlight,1 year,No,Yes,52500,4.0,741,67
716,ASUS,AMD,Ryzen 5,Not Available,4,DDR4,512,0,Windows,0,ThinNlight,1 year,No,Yes,49990,4.0,14,2
717,acer,AMD,Ryzen 5,Not Available,4,DDR4,512,0,Windows,0,ThinNlight,1 year,No,No,75999,3.0,0,0
718,ASUS,AMD,Ryzen 5,Not Available,4,DDR4,512,0,Windows,0,Casual,1 year,No,No,80990,3.0,0,0
719,Lenovo,AMD,Ryzen 5,Not Available,4,DDR4,512,0,Windows,0,Casual,1 year,No,No,59900,3.0,3,0
720,HP,AMD,Ryzen 5,Not Available,4,DDR4,512,0,Windows,0,ThinNlight,1 year,No,Yes,54590,4.0,349,69
721,DELL,AMD,Ryzen 5,Not Available,4,DDR4,512,0,Windows,0,Casual,1 year,Yes,Yes,75500,3.0,0,0
722,HP,AMD,Ryzen 5,Not Available,8,DDR4,512,0,Windows,0,ThinNlight,1 year,No,Yes,51890,4.0,519,48
723,ASUS,AMD,Ryzen 5,Not Available,16,DDR4,512,0,Windows,0,Casual,1 year,No,No,78000,2.0,3,0
724,HP,AMD,Ryzen 5,Not Available,16,DDR4,512,0,Windows,0,ThinNlight,1 year,No,Yes,59999,4.0,19,1
725,HP,AMD,Ryzen 5,Not Available,8,DDR4,512,0,Windows,4,Gaming,1 year,No,Yes,64990,3.0,8,1
726,DELL,AMD,Ryzen 5,Not Available,4,DDR4,1024,0,Windows,0,Casual,No warranty,No,No,57900,4.0,3,1
727,Lenovo,AMD,Ryzen 5,Not Available,4,LPDDR4X,1024,0,Windows,0,ThinNlight,3 years,Yes,Yes,81978,3.0,0,0
728,HP,AMD,Ryzen 5,Not Available,4,DDR4,0,1024,Windows,4,Gaming,1 year,No,No,59990,4.0,1480,151
729,DELL,AMD,Ryzen 5,Not Available,8,DDR4,256,1024,Windows,0,Casual,No warranty,No,No,49490,4.0,31,3
730,ASUS,AMD,Ryzen 5,Not Available,8,DDR4,256,1024,Windows,0,Casual,1 year,No,No,54990,4.0,18,3
731,Lenovo,AMD,Ryzen 5,Not Available,8,DDR4,256,1024,Windows,4,Casual,No warranty,No,No,68500,4.0,271,24
732,ASUS,AMD,Ryzen 5,Not Available,8,DDR4,256,1024,Windows,0,Casual,1 year,No,No,54990,4.0,49,6
733,ASUS,AMD,Ryzen 5,Not Available,8,DDR4,256,1024,Windows,0,Casual,1 year,No,Yes,54990,4.0,474,65
734,Lenovo,AMD,Ryzen 5,Not Available,8,DDR4,256,1024,Windows,0,Gaming,1 year,No,Yes,63990,4.0,861,116
735,HP,AMD,Ryzen 5,Not Available,4,DDR4,256,1024,Windows,4,Gaming,1 year,No,No,80000,4.0,34,6
736,DELL,AMD,Ryzen 5,Not Available,4,DDR4,256,1024,Windows,0,Casual,No warranty,No,No,51990,3.0,0,0
737,ASUS,AMD,Ryzen 5,Not Available,4,DDR4,256,1024,Windows,0,Casual,1 year,No,Yes,62990,4.0,165,34
738,HP,AMD,Ryzen 5,Not Available,4,DDR4,256,1024,Windows,0,ThinNlight,1 year,No,No,52990,4.0,698,74
739,ASUS,AMD,Ryzen 5,Not Available,4,DDR4,256,1024,Windows,0,ThinNlight,1 year,No,Yes,75100,3.0,0,0
740,ASUS,AMD,Ryzen 7,Not Available,16,DDR4,512,0,Windows,4,Gaming,No warranty,No,No,76990,4.0,22,3
741,ASUS,AMD,Ryzen 7,Not Available,16,DDR4,512,0,Windows,4,Casual,1 year,No,No,79990,3.0,0,0
742,ASUS,AMD,Ryzen 7,Not Available,8,DDR4,512,0,Windows,4,Casual,No warranty,No,No,71990,4.0,144,16
744,Lenovo,AMD,Ryzen 7,Not Available,16,DDR4,512,0,Windows,4,Casual,1 year,No,Yes,99990,4.0,26,1
745,ASUS,AMD,Ryzen 7,Not Available,16,DDR4,512,0,Windows,0,Casual,1 year,No,No,79990,3.0,0,0
746,DELL,AMD,Ryzen 7,Not Available,16,DDR4,512,0,Windows,4,Casual,1 year,No,No,93990,3.0,0,0
747,ASUS,AMD,Ryzen 7,Not Available,16,DDR4,512,0,Windows,4,Gaming,No warranty,No,No,82990,4.0,1067,145
748,ASUS,AMD,Ryzen 7,Not Available,4,DDR5,512,0,Windows,4,Casual,No warranty,No,No,106990,3.0,0,0
749,ASUS,AMD,Ryzen 7,Not Available,4,DDR4,512,0,Windows,0,Casual,1 year,No,No,92990,4.0,25,4
750,Lenovo,Intel,Ryzen 7,Not Available,4,DDR4,512,0,Windows,4,Casual,3 years,No,Yes,81490,3.0,0,0
751,ASUS,AMD,Ryzen 7,Not Available,4,DDR4,512,0,Windows,0,Casual,1 year,No,Yes,56990,3.0,0,0
752,MSI,AMD,Ryzen 7,Not Available,4,DDR4,512,0,Windows,0,Casual,No warranty,No,No,64990,3.0,0,0
753,Lenovo,AMD,Ryzen 7,Not Available,4,DDR4,512,0,Windows,0,Casual,1 year,No,Yes,60990,4.0,530,69
754,Lenovo,AMD,Ryzen 7,Not Available,4,DDR4,512,0,Windows,4,Casual,1 year,No,Yes,84988,3.0,0,0
755,HP,AMD,Ryzen 7,Not Available,4,DDR4,512,0,Windows,4,Casual,1 year,No,No,90990,4.0,273,40
756,ASUS,AMD,Ryzen 7,Not Available,4,DDR4,512,0,Windows,0,Casual,1 year,No,No,63990,4.0,77,7
757,Lenovo,AMD,Ryzen 7,Not Available,4,DDR4,512,0,Windows,0,Casual,1 year,No,Yes,63990,4.0,105,10
758,HP,AMD,Ryzen 7,Not Available,4,DDR4,512,0,Windows,0,ThinNlight,1 year,No,Yes,57999,4.0,44,5
759,ASUS,AMD,Ryzen 7,Not Available,4,DDR4,512,0,Windows,4,Casual,No warranty,No,No,72400,3.0,0,0
760,Lenovo,AMD,Ryzen 7,Not Available,4,DDR4,512,0,Windows,0,Casual,1 year,Yes,No,78990,4.0,6,0
761,acer,AMD,Ryzen 7,Not Available,4,DDR4,512,0,Windows,0,ThinNlight,1 year,No,No,59990,3.0,0,0
762,ASUS,AMD,Ryzen 7,Not Available,4,DDR5,512,0,Windows,4,Casual,1 year,No,No,111990,3.0,0,0
763,HP,AMD,Ryzen 7,Not Available,4,DDR4,512,0,Windows,0,Casual,No warranty,Yes,No,109000,3.0,0,0
764,DELL,AMD,Ryzen 7,Not Available,4,DDR4,512,0,Windows,6,Casual,No warranty,No,No,89990,4.0,191,27
765,Lenovo,AMD,Ryzen 7,Not Available,4,DDR4,512,0,Windows,0,Casual,3 years,Yes,Yes,78988,3.0,0,0
766,Lenovo,AMD,Ryzen 7,Not Available,4,DDR4,512,0,Windows,4,Casual,No warranty,No,No,73138,3.0,4,1
767,Lenovo,AMD,Ryzen 7,Not Available,4,DDR4,512,0,Windows,4,Casual,1 year,No,No,106990,3.0,0,0
768,ASUS,AMD,Ryzen 7,Not Available,4,DDR4,512,0,Windows,4,Casual,No warranty,No,No,79990,3.0,0,0
769,DELL,AMD,Ryzen 7,Not Available,4,DDR4,512,0,Windows,0,Casual,1 year,Yes,Yes,89570,3.0,0,0
770,HP,AMD,Ryzen 7,Not Available,4,DDR4,512,0,Windows,0,ThinNlight,1 year,No,Yes,68500,4.0,134,22
771,Lenovo,AMD,Ryzen 7,Not Available,16,DDR4,512,0,Windows,0,Casual,1 year,No,No,73400,3.0,0,0
772,HP,AMD,Ryzen 7,Not Available,16,DDR4,512,0,Windows,2,Casual,1 year,No,Yes,79990,3.0,23,6
773,HP,AMD,Ryzen 7,Not Available,16,DDR4,512,0,Windows,4,Gaming,1 year,No,Yes,84990,2.0,4,2
775,ASUS,AMD,Ryzen 7,Not Available,8,LPDDR4X,1024,0,Windows,4,Casual,No warranty,No,No,72990,4.0,198,24
776,HP,AMD,Ryzen 7,Not Available,16,DDR4,1024,0,Windows,0,ThinNlight,1 year,Yes,Yes,92990,3.0,0,0
777,HP,AMD,Ryzen 7,Not Available,16,DDR4,1024,0,Windows,0,ThinNlight,1 year,No,Yes,84190,3.0,0,0
778,ASUS,AMD,Ryzen 7,Not Available,16,LPDDR4X,1024,0,Windows,0,Casual,No warranty,Yes,No,112990,3.0,0,0
779,ASUS,AMD,Ryzen 7,Not Available,4,DDR5,1024,0,Windows,4,Casual,1 year,No,No,114990,3.0,0,0
780,acer,AMD,Ryzen 7,Not Available,4,DDR4,1024,0,Windows,4,Casual,1 year,No,No,99990,3.0,0,0
781,ASUS,AMD,Ryzen 7,Not Available,4,DDR4,1024,0,Windows,4,Gaming,No warranty,No,No,95990,4.0,57,3
783,ASUS,AMD,Ryzen 7,Not Available,4,DDR4,1024,0,Windows,0,Casual,1 year,No,Yes,76990,3.0,0,0
784,Lenovo,AMD,Ryzen 7,Not Available,4,DDR4,1024,0,Windows,6,Casual,1 year,No,Yes,130990,3.0,0,0
785,ASUS,AMD,Ryzen 7,Not Available,4,DDR4,1024,0,Windows,0,Casual,1 year,No,No,99990,3.0,0,0
786,ASUS,AMD,Ryzen 7,Not Available,4,DDR5,1024,0,Windows,4,Casual,No warranty,No,No,112990,3.0,0,0
787,Lenovo,AMD,Ryzen 7,Not Available,4,DDR4,1024,0,Windows,0,Casual,1 year,No,Yes,77988,3.0,0,0
788,ASUS,AMD,Ryzen 7,Not Available,4,DDR4,1024,0,Windows,0,Casual,1 year,No,Yes,76000,5.0,1,1
789,ASUS,AMD,Ryzen 7,Not Available,4,LPDDR4X,1024,0,Windows,4,Casual,1 year,Yes,No,99990,4.0,77,15
790,ASUS,AMD,Ryzen 7,Not Available,4,DDR4,1024,0,Windows,0,Casual,1 year,No,No,111000,3.0,0,0
791,ASUS,AMD,Ryzen 7,Not Available,16,LPDDR4X,1024,0,Windows,0,ThinNlight,1 year,No,Yes,84970,3.0,2,1
792,HP,AMD,Ryzen 7,Not Available,16,DDR4,256,1024,Windows,4,Gaming,1 year,No,Yes,75990,4.0,1084,123
793,acer,AMD,Ryzen 7,Not Available,16,DDR4,256,1024,Windows,6,Casual,1 year,No,No,89990,4.0,272,36
794,acer,AMD,Ryzen 7,Not Available,16,DDR4,256,1024,Windows,4,Casual,No warranty,No,No,81990,4.0,141,24
795,Lenovo,AMD,Ryzen 7,Not Available,4,DDR4,512,1024,Windows,0,Casual,No warranty,No,No,80490,3.0,0,0
796,ASUS,AMD,Ryzen 9,Not Available,16,DDR4,1024,0,Windows,6,Casual,1 year,No,No,135990,3.0,0,0
797,ASUS,AMD,Ryzen 9,Not Available,16,DDR4,1024,0,Windows,0,Casual,1 year,No,No,154990,4.0,194,42
799,ASUS,AMD,Ryzen 9,Not Available,16,DDR4,1024,0,Windows,4,Casual,No warranty,No,No,114990,4.0,28,4
800,ASUS,AMD,Ryzen 9,Not Available,16,DDR4,1024,0,Windows,6,Casual,1 year,No,Yes,129990,4.0,204,35
801,ASUS,AMD,Ryzen 9,Not Available,16,LPDDR4X,1024,0,Windows,4,Casual,1 year,Yes,Yes,114990,4.0,32,6
802,MSI,AMD,Ryzen 9,Not Available,4,DDR4,1024,0,Windows,0,Casual,No warranty,No,No,146990,3.0,0,0
803,ASUS,AMD,Ryzen 9,Not Available,4,DDR4,1024,0,Windows,0,Casual,1 year,No,No,104990,4.0,14,2
804,ASUS,AMD,Ryzen 9,Not Available,4,LPDDR4X,1024,0,Windows,4,Casual,1 year,Yes,No,114990,4.0,14,1
805,ASUS,AMD,Ryzen 9,Not Available,4,LPDDR4X,1024,0,Windows,4,Casual,1 year,Yes,Yes,124990,5.0,3,0
806,ASUS,AMD,Ryzen 9,Not Available,4,LPDDR4X,1024,0,Windows,0,Casual,No warranty,Yes,No,134990,3.0,0,0
808,ASUS,AMD,Ryzen 9,Not Available,4,DDR4,1024,0,Windows,0,Casual,1 year,No,No,129990,3.0,0,0
809,ASUS,AMD,Ryzen 9,Not Available,4,LPDDR4X,1024,0,Windows,4,Casual,1 year,Yes,Yes,142990,4.0,4,1
810,ASUS,AMD,Ryzen 9,Not Available,4,DDR4,1024,0,Windows,0,Casual,1 year,No,No,121990,3.0,0,0
811,ASUS,AMD,Ryzen 9,Not Available,4,LPDDR4X,1024,0,Windows,4,Casual,1 year,Yes,Yes,124990,4.0,44,12
812,ASUS,AMD,Ryzen 9,Not Available,4,DDR4,1024,0,Windows,6,Casual,No warranty,No,No,141990,4.0,61,13
813,ASUS,AMD,Ryzen 9,Not Available,4,DDR4,1024,0,Windows,4,Casual,1 year,No,No,162990,3.0,0,0
814,ASUS,AMD,Ryzen 9,Not Available,4,DDR4,1024,0,Windows,0,Casual,1 year,No,No,130500,3.0,0,0
815,ASUS,AMD,Ryzen 9,Not Available,4,DDR4,1024,0,Windows,4,Casual,No warranty,No,No,116990,3.0,0,0
816,ASUS,AMD,Ryzen 9,Not Available,4,DDR4,1024,0,Windows,6,Casual,No warranty,No,No,138990,3.0,0,0
818,ASUS,AMD,Ryzen 9,Not Available,4,DDR4,1024,0,Windows,0,Casual,1 year,No,No,135990,3.0,0,0
819,ASUS,AMD,Ryzen 9,Not Available,4,DDR4,1024,0,Windows,0,Casual,1 year,No,No,144990,3.0,0,0
820,ASUS,AMD,Ryzen 9,Not Available,4,DDR4,1024,0,Windows,4,Casual,1 year,No,No,149990,3.0,0,0
821,ASUS,AMD,Ryzen 9,Not Available,4,DDR4,1024,0,Windows,4,Casual,1 year,No,No,142990,3.0,0,0
822,Lenovo,AMD,Ryzen 5,10th,8,DDR4,512,0,DOS,0,ThinNlight,No warranty,No,No,57490,4.0,18,4
